You are using YYP Maker v1.1.5, released in 14-08-2022



[21-01-2026 19:10:12] Initialized GameMaker Project: Anymal Mind.yyp
[21-01-2026 19:10:12] Current parent directory: C:/Users/Utilizador/Documents/DDJ/DigitalGame/AnymalsMind/Anymal Mind/animcurves
[21-01-2026 19:10:12] Current parent directory: C:/Users/Utilizador/Documents/DDJ/DigitalGame/AnymalsMind/Anymal Mind/extensions
[21-01-2026 19:10:12] Current parent directory: C:/Users/Utilizador/Documents/DDJ/DigitalGame/AnymalsMind/Anymal Mind/fonts
[21-01-2026 19:10:12] Checking fn60
[21-01-2026 19:10:12] Directory: C:/Users/Utilizador/Documents/DDJ/DigitalGame/AnymalsMind/Anymal Mind/fonts/fn60
[21-01-2026 19:10:12] Checking fn30
[21-01-2026 19:10:12] Directory: C:/Users/Utilizador/Documents/DDJ/DigitalGame/AnymalsMind/Anymal Mind/fonts/fn30
[21-01-2026 19:10:12] Current parent directory: C:/Users/Utilizador/Documents/DDJ/DigitalGame/AnymalsMind/Anymal Mind/fonts/fn30
[21-01-2026 19:10:12] Checking fn60.old.yy
[21-01-2026 19:10:12] Trash file: fn60.old.yy, will be moved to ___yyp_maker_trash
[21-01-2026 19:10:12] Checking fn60.old.png
[21-01-2026 19:10:12] Checking fn30.yy
[21-01-2026 19:10:12] Parsing C:/Users/Utilizador/Documents/DDJ/DigitalGame/AnymalsMind/Anymal Mind/fonts/fn30/fn30.yy
[21-01-2026 19:10:12] Reading C:/Users/Utilizador/Documents/DDJ/DigitalGame/AnymalsMind/Anymal Mind/fonts/fn30/fn30.yy
[21-01-2026 19:10:12] Par: "folders/MainMenu/Fonts" at dir: "C:/Users/Utilizador/Documents/DDJ/DigitalGame/AnymalsMind/Anymal Mind/fonts/fn30/fn30.yy"
[21-01-2026 19:10:12] Found Font: fn30
[21-01-2026 19:10:12] Checking fn30.png
[21-01-2026 19:10:12] Checking fn30.old.yy
[21-01-2026 19:10:12] Trash file: fn30.old.yy, will be moved to ___yyp_maker_trash
[21-01-2026 19:10:12] Checking fn30.old.png
[21-01-2026 19:10:12] Current parent directory: C:/Users/Utilizador/Documents/DDJ/DigitalGame/AnymalsMind/Anymal Mind/fonts/fn60
[21-01-2026 19:10:12] Checking fn60.yy
[21-01-2026 19:10:12] Parsing C:/Users/Utilizador/Documents/DDJ/DigitalGame/AnymalsMind/Anymal Mind/fonts/fn60/fn60.yy
[21-01-2026 19:10:12] Reading C:/Users/Utilizador/Documents/DDJ/DigitalGame/AnymalsMind/Anymal Mind/fonts/fn60/fn60.yy
[21-01-2026 19:10:12] Par: "folders/MainMenu/Fonts" at dir: "C:/Users/Utilizador/Documents/DDJ/DigitalGame/AnymalsMind/Anymal Mind/fonts/fn60/fn60.yy"
[21-01-2026 19:10:12] Found Font: fn60
[21-01-2026 19:10:12] Checking fn60.png
[21-01-2026 19:10:12] Checking fn60.old.yy
[21-01-2026 19:10:12] Trash file: fn60.old.yy, will be moved to ___yyp_maker_trash
[21-01-2026 19:10:12] Checking fn60.old.png
[21-01-2026 19:10:12] Checking fn30.yy
[21-01-2026 19:10:12] Trash file: fn30.yy, will be moved to ___yyp_maker_trash
[21-01-2026 19:10:12] Checking fn30.png
[21-01-2026 19:10:12] Checking fn30.old.yy
[21-01-2026 19:10:12] Trash file: fn30.old.yy, will be moved to ___yyp_maker_trash
[21-01-2026 19:10:12] Checking fn30.old.png
[21-01-2026 19:10:12] Current parent directory: C:/Users/Utilizador/Documents/DDJ/DigitalGame/AnymalsMind/Anymal Mind/notes
[21-01-2026 19:10:12] Checking How_to_use_it
[21-01-2026 19:10:12] Directory: C:/Users/Utilizador/Documents/DDJ/DigitalGame/AnymalsMind/Anymal Mind/notes/How_to_use_it
[21-01-2026 19:10:12] Current parent directory: C:/Users/Utilizador/Documents/DDJ/DigitalGame/AnymalsMind/Anymal Mind/notes/How_to_use_it
[21-01-2026 19:10:12] Checking How_to_use_it.yy
[21-01-2026 19:10:12] Parsing C:/Users/Utilizador/Documents/DDJ/DigitalGame/AnymalsMind/Anymal Mind/notes/How_to_use_it/How_to_use_it.yy
[21-01-2026 19:10:12] Reading C:/Users/Utilizador/Documents/DDJ/DigitalGame/AnymalsMind/Anymal Mind/notes/How_to_use_it/How_to_use_it.yy
[21-01-2026 19:10:12] Par: "folders/MainMenu" at dir: "C:/Users/Utilizador/Documents/DDJ/DigitalGame/AnymalsMind/Anymal Mind/notes/How_to_use_it/How_to_use_it.yy"
[21-01-2026 19:10:12] Found Note: How_to_use_it
[21-01-2026 19:10:12] Checking How_to_use_it.txt
[21-01-2026 19:10:12] Current parent directory: C:/Users/Utilizador/Documents/DDJ/DigitalGame/AnymalsMind/Anymal Mind/objects
[21-01-2026 19:10:12] Checking oWeightPlatform
[21-01-2026 19:10:12] Directory: C:/Users/Utilizador/Documents/DDJ/DigitalGame/AnymalsMind/Anymal Mind/objects/oWeightPlatform
[21-01-2026 19:10:12] Checking oWaterSplash
[21-01-2026 19:10:12] Directory: C:/Users/Utilizador/Documents/DDJ/DigitalGame/AnymalsMind/Anymal Mind/objects/oWaterSplash
[21-01-2026 19:10:12] Checking oWaterBubble
[21-01-2026 19:10:12] Directory: C:/Users/Utilizador/Documents/DDJ/DigitalGame/AnymalsMind/Anymal Mind/objects/oWaterBubble
[21-01-2026 19:10:12] Checking oWater
[21-01-2026 19:10:12] Directory: C:/Users/Utilizador/Documents/DDJ/DigitalGame/AnymalsMind/Anymal Mind/objects/oWater
[21-01-2026 19:10:12] Checking oSpike
[21-01-2026 19:10:12] Directory: C:/Users/Utilizador/Documents/DDJ/DigitalGame/AnymalsMind/Anymal Mind/objects/oSpike
[21-01-2026 19:10:12] Checking oSolid
[21-01-2026 19:10:12] Directory: C:/Users/Utilizador/Documents/DDJ/DigitalGame/AnymalsMind/Anymal Mind/objects/oSolid
[21-01-2026 19:10:12] Checking oRoomUI
[21-01-2026 19:10:12] Directory: C:/Users/Utilizador/Documents/DDJ/DigitalGame/AnymalsMind/Anymal Mind/objects/oRoomUI
[21-01-2026 19:10:12] Checking oRoomHandler
[21-01-2026 19:10:12] Directory: C:/Users/Utilizador/Documents/DDJ/DigitalGame/AnymalsMind/Anymal Mind/objects/oRoomHandler
[21-01-2026 19:10:12] Checking oPlayer
[21-01-2026 19:10:12] Directory: C:/Users/Utilizador/Documents/DDJ/DigitalGame/AnymalsMind/Anymal Mind/objects/oPlayer
[21-01-2026 19:10:12] Checking oPersistenceHandler
[21-01-2026 19:10:12] Directory: C:/Users/Utilizador/Documents/DDJ/DigitalGame/AnymalsMind/Anymal Mind/objects/oPersistenceHandler
[21-01-2026 19:10:12] Checking oPauseMenu
[21-01-2026 19:10:12] Directory: C:/Users/Utilizador/Documents/DDJ/DigitalGame/AnymalsMind/Anymal Mind/objects/oPauseMenu
[21-01-2026 19:10:12] Checking oP2
[21-01-2026 19:10:12] Directory: C:/Users/Utilizador/Documents/DDJ/DigitalGame/AnymalsMind/Anymal Mind/objects/oP2
[21-01-2026 19:10:12] Checking oNestUI
[21-01-2026 19:10:12] Directory: C:/Users/Utilizador/Documents/DDJ/DigitalGame/AnymalsMind/Anymal Mind/objects/oNestUI
[21-01-2026 19:10:12] Checking oNest
[21-01-2026 19:10:12] Directory: C:/Users/Utilizador/Documents/DDJ/DigitalGame/AnymalsMind/Anymal Mind/objects/oNest
[21-01-2026 19:10:12] Checking oMainMenu
[21-01-2026 19:10:12] Directory: C:/Users/Utilizador/Documents/DDJ/DigitalGame/AnymalsMind/Anymal Mind/objects/oMainMenu
[21-01-2026 19:10:12] Checking oLog
[21-01-2026 19:10:12] Directory: C:/Users/Utilizador/Documents/DDJ/DigitalGame/AnymalsMind/Anymal Mind/objects/oLog
[21-01-2026 19:10:12] Checking oItem
[21-01-2026 19:10:12] Directory: C:/Users/Utilizador/Documents/DDJ/DigitalGame/AnymalsMind/Anymal Mind/objects/oItem
[21-01-2026 19:10:12] Checking oGameHandler
[21-01-2026 19:10:12] Directory: C:/Users/Utilizador/Documents/DDJ/DigitalGame/AnymalsMind/Anymal Mind/objects/oGameHandler
[21-01-2026 19:10:12] Checking oFlag
[21-01-2026 19:10:12] Directory: C:/Users/Utilizador/Documents/DDJ/DigitalGame/AnymalsMind/Anymal Mind/objects/oFlag
[21-01-2026 19:10:12] Checking oExplodingBox
[21-01-2026 19:10:12] Directory: C:/Users/Utilizador/Documents/DDJ/DigitalGame/AnymalsMind/Anymal Mind/objects/oExplodingBox
[21-01-2026 19:10:12] Checking oDashTrail
[21-01-2026 19:10:12] Directory: C:/Users/Utilizador/Documents/DDJ/DigitalGame/AnymalsMind/Anymal Mind/objects/oDashTrail
[21-01-2026 19:10:12] Checking oBack
[21-01-2026 19:10:12] Directory: C:/Users/Utilizador/Documents/DDJ/DigitalGame/AnymalsMind/Anymal Mind/objects/oBack
[21-01-2026 19:10:12] Checking Item
[21-01-2026 19:10:12] Directory: C:/Users/Utilizador/Documents/DDJ/DigitalGame/AnymalsMind/Anymal Mind/objects/Item
[21-01-2026 19:10:12] Current parent directory: C:/Users/Utilizador/Documents/DDJ/DigitalGame/AnymalsMind/Anymal Mind/objects/Item
[21-01-2026 19:10:12] Current parent directory: C:/Users/Utilizador/Documents/DDJ/DigitalGame/AnymalsMind/Anymal Mind/objects/oBack
[21-01-2026 19:10:12] Checking oBack.yy
[21-01-2026 19:10:12] Parsing C:/Users/Utilizador/Documents/DDJ/DigitalGame/AnymalsMind/Anymal Mind/objects/oBack/oBack.yy
[21-01-2026 19:10:12] Reading C:/Users/Utilizador/Documents/DDJ/DigitalGame/AnymalsMind/Anymal Mind/objects/oBack/oBack.yy
[21-01-2026 19:10:12] Par: "folders/Backgrounds" at dir: "C:/Users/Utilizador/Documents/DDJ/DigitalGame/AnymalsMind/Anymal Mind/objects/oBack/oBack.yy"
[21-01-2026 19:10:12] Found Object: oBack
[21-01-2026 19:10:12] Current parent directory: C:/Users/Utilizador/Documents/DDJ/DigitalGame/AnymalsMind/Anymal Mind/objects/oDashTrail
[21-01-2026 19:10:12] Checking Step_0.gml
[21-01-2026 19:10:12] Checking oDashTrail.yy
[21-01-2026 19:10:12] Parsing C:/Users/Utilizador/Documents/DDJ/DigitalGame/AnymalsMind/Anymal Mind/objects/oDashTrail/oDashTrail.yy
[21-01-2026 19:10:12] Reading C:/Users/Utilizador/Documents/DDJ/DigitalGame/AnymalsMind/Anymal Mind/objects/oDashTrail/oDashTrail.yy
[21-01-2026 19:10:12] Par: "folders/Objects" at dir: "C:/Users/Utilizador/Documents/DDJ/DigitalGame/AnymalsMind/Anymal Mind/objects/oDashTrail/oDashTrail.yy"
[21-01-2026 19:10:12] Found Object: oDashTrail
[21-01-2026 19:10:12] Current parent directory: C:/Users/Utilizador/Documents/DDJ/DigitalGame/AnymalsMind/Anymal Mind/objects/oExplodingBox
[21-01-2026 19:10:12] Checking Other_7.gml
[21-01-2026 19:10:12] Checking oExplodingBox.yy
[21-01-2026 19:10:12] Parsing C:/Users/Utilizador/Documents/DDJ/DigitalGame/AnymalsMind/Anymal Mind/objects/oExplodingBox/oExplodingBox.yy
[21-01-2026 19:10:12] Reading C:/Users/Utilizador/Documents/DDJ/DigitalGame/AnymalsMind/Anymal Mind/objects/oExplodingBox/oExplodingBox.yy
[21-01-2026 19:10:12] Par: "folders/Objects/Environment" at dir: "C:/Users/Utilizador/Documents/DDJ/DigitalGame/AnymalsMind/Anymal Mind/objects/oExplodingBox/oExplodingBox.yy"
[21-01-2026 19:10:12] Found Object: oExplodingBox
[21-01-2026 19:10:12] Checking Create_0.gml
[21-01-2026 19:10:12] Current parent directory: C:/Users/Utilizador/Documents/DDJ/DigitalGame/AnymalsMind/Anymal Mind/objects/oFlag
[21-01-2026 19:10:12] Checking oFlag.yy
[21-01-2026 19:10:12] Parsing C:/Users/Utilizador/Documents/DDJ/DigitalGame/AnymalsMind/Anymal Mind/objects/oFlag/oFlag.yy
[21-01-2026 19:10:12] Reading C:/Users/Utilizador/Documents/DDJ/DigitalGame/AnymalsMind/Anymal Mind/objects/oFlag/oFlag.yy
[21-01-2026 19:10:12] Par: "folders/Objects/Environment" at dir: "C:/Users/Utilizador/Documents/DDJ/DigitalGame/AnymalsMind/Anymal Mind/objects/oFlag/oFlag.yy"
[21-01-2026 19:10:12] Found Object: oFlag
[21-01-2026 19:10:12] Current parent directory: C:/Users/Utilizador/Documents/DDJ/DigitalGame/AnymalsMind/Anymal Mind/objects/oGameHandler
[21-01-2026 19:10:12] Checking Other_2.gml
[21-01-2026 19:10:12] Checking oGameHandler.yy
[21-01-2026 19:10:12] Parsing C:/Users/Utilizador/Documents/DDJ/DigitalGame/AnymalsMind/Anymal Mind/objects/oGameHandler/oGameHandler.yy
[21-01-2026 19:10:12] Reading C:/Users/Utilizador/Documents/DDJ/DigitalGame/AnymalsMind/Anymal Mind/objects/oGameHandler/oGameHandler.yy
[21-01-2026 19:10:12] Par: "folders/Handlers" at dir: "C:/Users/Utilizador/Documents/DDJ/DigitalGame/AnymalsMind/Anymal Mind/objects/oGameHandler/oGameHandler.yy"
[21-01-2026 19:10:12] Found Object: oGameHandler
[21-01-2026 19:10:12] Current parent directory: C:/Users/Utilizador/Documents/DDJ/DigitalGame/AnymalsMind/Anymal Mind/objects/oItem
[21-01-2026 19:10:12] Checking oItem.yy
[21-01-2026 19:10:12] Parsing C:/Users/Utilizador/Documents/DDJ/DigitalGame/AnymalsMind/Anymal Mind/objects/oItem/oItem.yy
[21-01-2026 19:10:12] Reading C:/Users/Utilizador/Documents/DDJ/DigitalGame/AnymalsMind/Anymal Mind/objects/oItem/oItem.yy
[21-01-2026 19:10:12] Par: "folders/Objects" at dir: "C:/Users/Utilizador/Documents/DDJ/DigitalGame/AnymalsMind/Anymal Mind/objects/oItem/oItem.yy"
[21-01-2026 19:10:12] Found Object: oItem
[21-01-2026 19:10:12] Checking Create_0.gml
[21-01-2026 19:10:12] Current parent directory: C:/Users/Utilizador/Documents/DDJ/DigitalGame/AnymalsMind/Anymal Mind/objects/oLog
[21-01-2026 19:10:12] Checking oLog.yy
[21-01-2026 19:10:12] Parsing C:/Users/Utilizador/Documents/DDJ/DigitalGame/AnymalsMind/Anymal Mind/objects/oLog/oLog.yy
[21-01-2026 19:10:12] Reading C:/Users/Utilizador/Documents/DDJ/DigitalGame/AnymalsMind/Anymal Mind/objects/oLog/oLog.yy
[21-01-2026 19:10:12] Par: "folders/Objects/Environment" at dir: "C:/Users/Utilizador/Documents/DDJ/DigitalGame/AnymalsMind/Anymal Mind/objects/oLog/oLog.yy"
[21-01-2026 19:10:12] Found Object: oLog
[21-01-2026 19:10:12] Current parent directory: C:/Users/Utilizador/Documents/DDJ/DigitalGame/AnymalsMind/Anymal Mind/objects/oMainMenu
[21-01-2026 19:10:12] Checking Step_0.gml
[21-01-2026 19:10:12] Checking oMainMenu.yy
[21-01-2026 19:10:12] Parsing C:/Users/Utilizador/Documents/DDJ/DigitalGame/AnymalsMind/Anymal Mind/objects/oMainMenu/oMainMenu.yy
[21-01-2026 19:10:12] Reading C:/Users/Utilizador/Documents/DDJ/DigitalGame/AnymalsMind/Anymal Mind/objects/oMainMenu/oMainMenu.yy
[21-01-2026 19:10:12] Par: "folders/MainMenu" at dir: "C:/Users/Utilizador/Documents/DDJ/DigitalGame/AnymalsMind/Anymal Mind/objects/oMainMenu/oMainMenu.yy"
[21-01-2026 19:10:12] Found Object: oMainMenu
[21-01-2026 19:10:12] Checking Draw_0.gml
[21-01-2026 19:10:12] Checking Create_0.gml
[21-01-2026 19:10:12] Current parent directory: C:/Users/Utilizador/Documents/DDJ/DigitalGame/AnymalsMind/Anymal Mind/objects/oNest
[21-01-2026 19:10:12] Checking Step_0.gml
[21-01-2026 19:10:12] Checking oNest.yy
[21-01-2026 19:10:12] Parsing C:/Users/Utilizador/Documents/DDJ/DigitalGame/AnymalsMind/Anymal Mind/objects/oNest/oNest.yy
[21-01-2026 19:10:12] Reading C:/Users/Utilizador/Documents/DDJ/DigitalGame/AnymalsMind/Anymal Mind/objects/oNest/oNest.yy
[21-01-2026 19:10:12] Par: "folders/Nest" at dir: "C:/Users/Utilizador/Documents/DDJ/DigitalGame/AnymalsMind/Anymal Mind/objects/oNest/oNest.yy"
[21-01-2026 19:10:12] Found Object: oNest
[21-01-2026 19:10:12] Checking Mouse_0.gml
[21-01-2026 19:10:12] Checking Create_0.gml
[21-01-2026 19:10:12] Checking Collision_oP2.gml
[21-01-2026 19:10:12] Checking CleanUp_0.gml
[21-01-2026 19:10:12] Current parent directory: C:/Users/Utilizador/Documents/DDJ/DigitalGame/AnymalsMind/Anymal Mind/objects/oNestUI
[21-01-2026 19:10:12] Checking Step_0.gml
[21-01-2026 19:10:12] Checking oNestUI.yy
[21-01-2026 19:10:12] Parsing C:/Users/Utilizador/Documents/DDJ/DigitalGame/AnymalsMind/Anymal Mind/objects/oNestUI/oNestUI.yy
[21-01-2026 19:10:12] Reading C:/Users/Utilizador/Documents/DDJ/DigitalGame/AnymalsMind/Anymal Mind/objects/oNestUI/oNestUI.yy
[21-01-2026 19:10:12] Par: "folders/Nest" at dir: "C:/Users/Utilizador/Documents/DDJ/DigitalGame/AnymalsMind/Anymal Mind/objects/oNestUI/oNestUI.yy"
[21-01-2026 19:10:12] Found Object: oNestUI
[21-01-2026 19:10:12] Checking Draw_64.gml
[21-01-2026 19:10:12] Checking Create_0.gml
[21-01-2026 19:10:12] Current parent directory: C:/Users/Utilizador/Documents/DDJ/DigitalGame/AnymalsMind/Anymal Mind/objects/oP2
[21-01-2026 19:10:12] Checking Step_0.gml
[21-01-2026 19:10:12] Checking oP2.yy
[21-01-2026 19:10:12] Parsing C:/Users/Utilizador/Documents/DDJ/DigitalGame/AnymalsMind/Anymal Mind/objects/oP2/oP2.yy
[21-01-2026 19:10:12] Reading C:/Users/Utilizador/Documents/DDJ/DigitalGame/AnymalsMind/Anymal Mind/objects/oP2/oP2.yy
[21-01-2026 19:10:12] Par: "folders/Objects" at dir: "C:/Users/Utilizador/Documents/DDJ/DigitalGame/AnymalsMind/Anymal Mind/objects/oP2/oP2.yy"
[21-01-2026 19:10:12] Found Object: oP2
[21-01-2026 19:10:12] Checking Create_0.gml
[21-01-2026 19:10:12] Current parent directory: C:/Users/Utilizador/Documents/DDJ/DigitalGame/AnymalsMind/Anymal Mind/objects/oPauseMenu
[21-01-2026 19:10:12] Checking Step_0.gml
[21-01-2026 19:10:12] Checking oPauseMenu.yy
[21-01-2026 19:10:12] Parsing C:/Users/Utilizador/Documents/DDJ/DigitalGame/AnymalsMind/Anymal Mind/objects/oPauseMenu/oPauseMenu.yy
[21-01-2026 19:10:12] Reading C:/Users/Utilizador/Documents/DDJ/DigitalGame/AnymalsMind/Anymal Mind/objects/oPauseMenu/oPauseMenu.yy
[21-01-2026 19:10:12] Par: "folders/Pause" at dir: "C:/Users/Utilizador/Documents/DDJ/DigitalGame/AnymalsMind/Anymal Mind/objects/oPauseMenu/oPauseMenu.yy"
[21-01-2026 19:10:12] Found Object: oPauseMenu
[21-01-2026 19:10:12] Checking Draw_0.gml
[21-01-2026 19:10:12] Checking Create_0.gml
[21-01-2026 19:10:12] Current parent directory: C:/Users/Utilizador/Documents/DDJ/DigitalGame/AnymalsMind/Anymal Mind/objects/oPersistenceHandler
[21-01-2026 19:10:12] Checking Other_3.gml
[21-01-2026 19:10:12] Checking Other_2.gml
[21-01-2026 19:10:12] Checking oPersistenceHandler.yy
[21-01-2026 19:10:12] Parsing C:/Users/Utilizador/Documents/DDJ/DigitalGame/AnymalsMind/Anymal Mind/objects/oPersistenceHandler/oPersistenceHandler.yy
[21-01-2026 19:10:12] Reading C:/Users/Utilizador/Documents/DDJ/DigitalGame/AnymalsMind/Anymal Mind/objects/oPersistenceHandler/oPersistenceHandler.yy
[21-01-2026 19:10:12] Par: "folders/Handlers" at dir: "C:/Users/Utilizador/Documents/DDJ/DigitalGame/AnymalsMind/Anymal Mind/objects/oPersistenceHandler/oPersistenceHandler.yy"
[21-01-2026 19:10:12] Found Object: oPersistenceHandler
[21-01-2026 19:10:12] Current parent directory: C:/Users/Utilizador/Documents/DDJ/DigitalGame/AnymalsMind/Anymal Mind/objects/oPlayer
[21-01-2026 19:10:12] Checking Step_0.gml
[21-01-2026 19:10:12] Checking oPlayer.yy
[21-01-2026 19:10:12] Parsing C:/Users/Utilizador/Documents/DDJ/DigitalGame/AnymalsMind/Anymal Mind/objects/oPlayer/oPlayer.yy
[21-01-2026 19:10:12] Reading C:/Users/Utilizador/Documents/DDJ/DigitalGame/AnymalsMind/Anymal Mind/objects/oPlayer/oPlayer.yy
[21-01-2026 19:10:12] Par: "folders/Objects" at dir: "C:/Users/Utilizador/Documents/DDJ/DigitalGame/AnymalsMind/Anymal Mind/objects/oPlayer/oPlayer.yy"
[21-01-2026 19:10:12] Found Object: oPlayer
[21-01-2026 19:10:12] Checking KeyPress_49.gml
[21-01-2026 19:10:12] Checking Draw_64.gml
[21-01-2026 19:10:12] Checking Create_0.gml
[21-01-2026 19:10:12] Current parent directory: C:/Users/Utilizador/Documents/DDJ/DigitalGame/AnymalsMind/Anymal Mind/objects/oRoomHandler
[21-01-2026 19:10:12] Checking Step_0.gml
[21-01-2026 19:10:12] Checking oRoomHandler.yy
[21-01-2026 19:10:12] Parsing C:/Users/Utilizador/Documents/DDJ/DigitalGame/AnymalsMind/Anymal Mind/objects/oRoomHandler/oRoomHandler.yy
[21-01-2026 19:10:12] Reading C:/Users/Utilizador/Documents/DDJ/DigitalGame/AnymalsMind/Anymal Mind/objects/oRoomHandler/oRoomHandler.yy
[21-01-2026 19:10:12] Par: "folders/Handlers" at dir: "C:/Users/Utilizador/Documents/DDJ/DigitalGame/AnymalsMind/Anymal Mind/objects/oRoomHandler/oRoomHandler.yy"
[21-01-2026 19:10:12] Found Object: oRoomHandler
[21-01-2026 19:10:12] Checking Create_0.gml
[21-01-2026 19:10:12] Current parent directory: C:/Users/Utilizador/Documents/DDJ/DigitalGame/AnymalsMind/Anymal Mind/objects/oRoomUI
[21-01-2026 19:10:12] Checking oRoomUI.yy
[21-01-2026 19:10:12] Parsing C:/Users/Utilizador/Documents/DDJ/DigitalGame/AnymalsMind/Anymal Mind/objects/oRoomUI/oRoomUI.yy
[21-01-2026 19:10:12] Reading C:/Users/Utilizador/Documents/DDJ/DigitalGame/AnymalsMind/Anymal Mind/objects/oRoomUI/oRoomUI.yy
[21-01-2026 19:10:12] Par: "folders/Rooms" at dir: "C:/Users/Utilizador/Documents/DDJ/DigitalGame/AnymalsMind/Anymal Mind/objects/oRoomUI/oRoomUI.yy"
[21-01-2026 19:10:12] Found Object: oRoomUI
[21-01-2026 19:10:12] Checking Draw_64.gml
[21-01-2026 19:10:12] Checking Create_0.gml
[21-01-2026 19:10:12] Current parent directory: C:/Users/Utilizador/Documents/DDJ/DigitalGame/AnymalsMind/Anymal Mind/objects/oSolid
[21-01-2026 19:10:12] Checking oSolid.yy
[21-01-2026 19:10:12] Parsing C:/Users/Utilizador/Documents/DDJ/DigitalGame/AnymalsMind/Anymal Mind/objects/oSolid/oSolid.yy
[21-01-2026 19:10:12] Reading C:/Users/Utilizador/Documents/DDJ/DigitalGame/AnymalsMind/Anymal Mind/objects/oSolid/oSolid.yy
[21-01-2026 19:10:12] Par: "folders/Objects/Environment" at dir: "C:/Users/Utilizador/Documents/DDJ/DigitalGame/AnymalsMind/Anymal Mind/objects/oSolid/oSolid.yy"
[21-01-2026 19:10:12] Found Object: oSolid
[21-01-2026 19:10:12] Current parent directory: C:/Users/Utilizador/Documents/DDJ/DigitalGame/AnymalsMind/Anymal Mind/objects/oSpike
[21-01-2026 19:10:12] Checking oSpike.yy
[21-01-2026 19:10:12] Parsing C:/Users/Utilizador/Documents/DDJ/DigitalGame/AnymalsMind/Anymal Mind/objects/oSpike/oSpike.yy
[21-01-2026 19:10:12] Reading C:/Users/Utilizador/Documents/DDJ/DigitalGame/AnymalsMind/Anymal Mind/objects/oSpike/oSpike.yy
[21-01-2026 19:10:12] Par: "folders/Objects/Environment" at dir: "C:/Users/Utilizador/Documents/DDJ/DigitalGame/AnymalsMind/Anymal Mind/objects/oSpike/oSpike.yy"
[21-01-2026 19:10:12] Found Object: oSpike
[21-01-2026 19:10:12] Current parent directory: C:/Users/Utilizador/Documents/DDJ/DigitalGame/AnymalsMind/Anymal Mind/objects/oWater
[21-01-2026 19:10:12] Checking oWater.yy
[21-01-2026 19:10:12] Parsing C:/Users/Utilizador/Documents/DDJ/DigitalGame/AnymalsMind/Anymal Mind/objects/oWater/oWater.yy
[21-01-2026 19:10:12] Reading C:/Users/Utilizador/Documents/DDJ/DigitalGame/AnymalsMind/Anymal Mind/objects/oWater/oWater.yy
[21-01-2026 19:10:12] Par: "folders/Objects/Environment" at dir: "C:/Users/Utilizador/Documents/DDJ/DigitalGame/AnymalsMind/Anymal Mind/objects/oWater/oWater.yy"
[21-01-2026 19:10:12] Found Object: oWater
[21-01-2026 19:10:12] Current parent directory: C:/Users/Utilizador/Documents/DDJ/DigitalGame/AnymalsMind/Anymal Mind/objects/oWaterBubble
[21-01-2026 19:10:12] Checking Step_0.gml
[21-01-2026 19:10:12] Checking oWaterBubble.yy
[21-01-2026 19:10:12] Parsing C:/Users/Utilizador/Documents/DDJ/DigitalGame/AnymalsMind/Anymal Mind/objects/oWaterBubble/oWaterBubble.yy
[21-01-2026 19:10:12] Reading C:/Users/Utilizador/Documents/DDJ/DigitalGame/AnymalsMind/Anymal Mind/objects/oWaterBubble/oWaterBubble.yy
[21-01-2026 19:10:12] Par: "folders/Effects/WaterBubble" at dir: "C:/Users/Utilizador/Documents/DDJ/DigitalGame/AnymalsMind/Anymal Mind/objects/oWaterBubble/oWaterBubble.yy"
[21-01-2026 19:10:12] Found Object: oWaterBubble
[21-01-2026 19:10:12] Checking Create_0.gml
[21-01-2026 19:10:12] Current parent directory: C:/Users/Utilizador/Documents/DDJ/DigitalGame/AnymalsMind/Anymal Mind/objects/oWaterSplash
[21-01-2026 19:10:12] Checking oWaterSplash.yy
[21-01-2026 19:10:12] Parsing C:/Users/Utilizador/Documents/DDJ/DigitalGame/AnymalsMind/Anymal Mind/objects/oWaterSplash/oWaterSplash.yy
[21-01-2026 19:10:12] Reading C:/Users/Utilizador/Documents/DDJ/DigitalGame/AnymalsMind/Anymal Mind/objects/oWaterSplash/oWaterSplash.yy
[21-01-2026 19:10:12] Par: "folders/Effects/WaterSplash" at dir: "C:/Users/Utilizador/Documents/DDJ/DigitalGame/AnymalsMind/Anymal Mind/objects/oWaterSplash/oWaterSplash.yy"
[21-01-2026 19:10:12] Found Object: oWaterSplash
[21-01-2026 19:10:12] Checking Other_7.gml
[21-01-2026 19:10:12] Current parent directory: C:/Users/Utilizador/Documents/DDJ/DigitalGame/AnymalsMind/Anymal Mind/objects/oWeightPlatform
[21-01-2026 19:10:12] Checking Step_0.gml
[21-01-2026 19:10:12] Checking oWeightPlatform.yy
[21-01-2026 19:10:12] Parsing C:/Users/Utilizador/Documents/DDJ/DigitalGame/AnymalsMind/Anymal Mind/objects/oWeightPlatform/oWeightPlatform.yy
[21-01-2026 19:10:12] Reading C:/Users/Utilizador/Documents/DDJ/DigitalGame/AnymalsMind/Anymal Mind/objects/oWeightPlatform/oWeightPlatform.yy
[21-01-2026 19:10:12] Par: "folders/Objects/Environment" at dir: "C:/Users/Utilizador/Documents/DDJ/DigitalGame/AnymalsMind/Anymal Mind/objects/oWeightPlatform/oWeightPlatform.yy"
[21-01-2026 19:10:12] Found Object: oWeightPlatform
[21-01-2026 19:10:12] Checking Create_0.gml
[21-01-2026 19:10:12] Current parent directory: C:/Users/Utilizador/Documents/DDJ/DigitalGame/AnymalsMind/Anymal Mind/options
[21-01-2026 19:10:12] Checking windows
[21-01-2026 19:10:12] Directory: C:/Users/Utilizador/Documents/DDJ/DigitalGame/AnymalsMind/Anymal Mind/options/windows
[21-01-2026 19:10:12] Checking tvos
[21-01-2026 19:10:12] Directory: C:/Users/Utilizador/Documents/DDJ/DigitalGame/AnymalsMind/Anymal Mind/options/tvos
[21-01-2026 19:10:12] Checking operagx
[21-01-2026 19:10:12] Directory: C:/Users/Utilizador/Documents/DDJ/DigitalGame/AnymalsMind/Anymal Mind/options/operagx
[21-01-2026 19:10:12] Checking main
[21-01-2026 19:10:12] Directory: C:/Users/Utilizador/Documents/DDJ/DigitalGame/AnymalsMind/Anymal Mind/options/main
[21-01-2026 19:10:12] Checking mac
[21-01-2026 19:10:12] Directory: C:/Users/Utilizador/Documents/DDJ/DigitalGame/AnymalsMind/Anymal Mind/options/mac
[21-01-2026 19:10:12] Checking linux
[21-01-2026 19:10:12] Directory: C:/Users/Utilizador/Documents/DDJ/DigitalGame/AnymalsMind/Anymal Mind/options/linux
[21-01-2026 19:10:12] Checking ios
[21-01-2026 19:10:12] Directory: C:/Users/Utilizador/Documents/DDJ/DigitalGame/AnymalsMind/Anymal Mind/options/ios
[21-01-2026 19:10:12] Checking html5
[21-01-2026 19:10:12] Directory: C:/Users/Utilizador/Documents/DDJ/DigitalGame/AnymalsMind/Anymal Mind/options/html5
[21-01-2026 19:10:12] Checking android
[21-01-2026 19:10:12] Directory: C:/Users/Utilizador/Documents/DDJ/DigitalGame/AnymalsMind/Anymal Mind/options/android
[21-01-2026 19:10:12] Current parent directory: C:/Users/Utilizador/Documents/DDJ/DigitalGame/AnymalsMind/Anymal Mind/options/android
[21-01-2026 19:10:12] Checking options_android.yy
[21-01-2026 19:10:12] Parsing C:/Users/Utilizador/Documents/DDJ/DigitalGame/AnymalsMind/Anymal Mind/options/android/options_android.yy
[21-01-2026 19:10:12] Reading C:/Users/Utilizador/Documents/DDJ/DigitalGame/AnymalsMind/Anymal Mind/options/android/options_android.yy
[21-01-2026 19:10:12] Current parent directory: C:/Users/Utilizador/Documents/DDJ/DigitalGame/AnymalsMind/Anymal Mind/options/html5
[21-01-2026 19:10:12] Checking options_html5.yy
[21-01-2026 19:10:12] Parsing C:/Users/Utilizador/Documents/DDJ/DigitalGame/AnymalsMind/Anymal Mind/options/html5/options_html5.yy
[21-01-2026 19:10:12] Reading C:/Users/Utilizador/Documents/DDJ/DigitalGame/AnymalsMind/Anymal Mind/options/html5/options_html5.yy
[21-01-2026 19:10:12] Current parent directory: C:/Users/Utilizador/Documents/DDJ/DigitalGame/AnymalsMind/Anymal Mind/options/ios
[21-01-2026 19:10:12] Checking options_ios.yy
[21-01-2026 19:10:12] Parsing C:/Users/Utilizador/Documents/DDJ/DigitalGame/AnymalsMind/Anymal Mind/options/ios/options_ios.yy
[21-01-2026 19:10:12] Reading C:/Users/Utilizador/Documents/DDJ/DigitalGame/AnymalsMind/Anymal Mind/options/ios/options_ios.yy
[21-01-2026 19:10:12] Current parent directory: C:/Users/Utilizador/Documents/DDJ/DigitalGame/AnymalsMind/Anymal Mind/options/linux
[21-01-2026 19:10:12] Checking options_linux.yy
[21-01-2026 19:10:12] Parsing C:/Users/Utilizador/Documents/DDJ/DigitalGame/AnymalsMind/Anymal Mind/options/linux/options_linux.yy
[21-01-2026 19:10:12] Reading C:/Users/Utilizador/Documents/DDJ/DigitalGame/AnymalsMind/Anymal Mind/options/linux/options_linux.yy
[21-01-2026 19:10:12] Current parent directory: C:/Users/Utilizador/Documents/DDJ/DigitalGame/AnymalsMind/Anymal Mind/options/mac
[21-01-2026 19:10:12] Checking options_mac.yy
[21-01-2026 19:10:12] Parsing C:/Users/Utilizador/Documents/DDJ/DigitalGame/AnymalsMind/Anymal Mind/options/mac/options_mac.yy
[21-01-2026 19:10:12] Reading C:/Users/Utilizador/Documents/DDJ/DigitalGame/AnymalsMind/Anymal Mind/options/mac/options_mac.yy
[21-01-2026 19:10:12] Current parent directory: C:/Users/Utilizador/Documents/DDJ/DigitalGame/AnymalsMind/Anymal Mind/options/main
[21-01-2026 19:10:12] Checking options_main.yy
[21-01-2026 19:10:12] Parsing C:/Users/Utilizador/Documents/DDJ/DigitalGame/AnymalsMind/Anymal Mind/options/main/options_main.yy
[21-01-2026 19:10:12] Reading C:/Users/Utilizador/Documents/DDJ/DigitalGame/AnymalsMind/Anymal Mind/options/main/options_main.yy
[21-01-2026 19:10:12] Current parent directory: C:/Users/Utilizador/Documents/DDJ/DigitalGame/AnymalsMind/Anymal Mind/options/operagx
[21-01-2026 19:10:12] Checking options_operagx.yy
[21-01-2026 19:10:12] Parsing C:/Users/Utilizador/Documents/DDJ/DigitalGame/AnymalsMind/Anymal Mind/options/operagx/options_operagx.yy
[21-01-2026 19:10:12] Reading C:/Users/Utilizador/Documents/DDJ/DigitalGame/AnymalsMind/Anymal Mind/options/operagx/options_operagx.yy
[21-01-2026 19:10:12] Current parent directory: C:/Users/Utilizador/Documents/DDJ/DigitalGame/AnymalsMind/Anymal Mind/options/tvos
[21-01-2026 19:10:12] Checking options_tvos.yy
[21-01-2026 19:10:12] Parsing C:/Users/Utilizador/Documents/DDJ/DigitalGame/AnymalsMind/Anymal Mind/options/tvos/options_tvos.yy
[21-01-2026 19:10:12] Reading C:/Users/Utilizador/Documents/DDJ/DigitalGame/AnymalsMind/Anymal Mind/options/tvos/options_tvos.yy
[21-01-2026 19:10:12] Current parent directory: C:/Users/Utilizador/Documents/DDJ/DigitalGame/AnymalsMind/Anymal Mind/options/windows
[21-01-2026 19:10:12] Checking options_windows.yy
[21-01-2026 19:10:12] Parsing C:/Users/Utilizador/Documents/DDJ/DigitalGame/AnymalsMind/Anymal Mind/options/windows/options_windows.yy
[21-01-2026 19:10:12] Reading C:/Users/Utilizador/Documents/DDJ/DigitalGame/AnymalsMind/Anymal Mind/options/windows/options_windows.yy
[21-01-2026 19:10:12] Current parent directory: C:/Users/Utilizador/Documents/DDJ/DigitalGame/AnymalsMind/Anymal Mind/paths
[21-01-2026 19:10:12] Current parent directory: C:/Users/Utilizador/Documents/DDJ/DigitalGame/AnymalsMind/Anymal Mind/rooms
[21-01-2026 19:10:12] Checking rPersistence
[21-01-2026 19:10:12] Directory: C:/Users/Utilizador/Documents/DDJ/DigitalGame/AnymalsMind/Anymal Mind/rooms/rPersistence
[21-01-2026 19:10:12] Checking rPauseMenu
[21-01-2026 19:10:12] Directory: C:/Users/Utilizador/Documents/DDJ/DigitalGame/AnymalsMind/Anymal Mind/rooms/rPauseMenu
[21-01-2026 19:10:12] Checking rMainMenu
[21-01-2026 19:10:12] Directory: C:/Users/Utilizador/Documents/DDJ/DigitalGame/AnymalsMind/Anymal Mind/rooms/rMainMenu
[21-01-2026 19:10:12] Checking r2
[21-01-2026 19:10:12] Directory: C:/Users/Utilizador/Documents/DDJ/DigitalGame/AnymalsMind/Anymal Mind/rooms/r2
[21-01-2026 19:10:12] Checking r1
[21-01-2026 19:10:12] Directory: C:/Users/Utilizador/Documents/DDJ/DigitalGame/AnymalsMind/Anymal Mind/rooms/r1
[21-01-2026 19:10:12] Current parent directory: C:/Users/Utilizador/Documents/DDJ/DigitalGame/AnymalsMind/Anymal Mind/rooms/r1
[21-01-2026 19:10:12] Checking r1.yy
[21-01-2026 19:10:12] Parsing C:/Users/Utilizador/Documents/DDJ/DigitalGame/AnymalsMind/Anymal Mind/rooms/r1/r1.yy
[21-01-2026 19:10:12] Reading C:/Users/Utilizador/Documents/DDJ/DigitalGame/AnymalsMind/Anymal Mind/rooms/r1/r1.yy
[21-01-2026 19:10:12] Par: "folders/Rooms" at dir: "C:/Users/Utilizador/Documents/DDJ/DigitalGame/AnymalsMind/Anymal Mind/rooms/r1/r1.yy"
[21-01-2026 19:10:12] Found Room: r1
[21-01-2026 19:10:12] Current parent directory: C:/Users/Utilizador/Documents/DDJ/DigitalGame/AnymalsMind/Anymal Mind/rooms/r2
[21-01-2026 19:10:12] Checking r2.yy
[21-01-2026 19:10:12] Parsing C:/Users/Utilizador/Documents/DDJ/DigitalGame/AnymalsMind/Anymal Mind/rooms/r2/r2.yy
[21-01-2026 19:10:12] Reading C:/Users/Utilizador/Documents/DDJ/DigitalGame/AnymalsMind/Anymal Mind/rooms/r2/r2.yy
[21-01-2026 19:10:12] Par: "folders/Rooms" at dir: "C:/Users/Utilizador/Documents/DDJ/DigitalGame/AnymalsMind/Anymal Mind/rooms/r2/r2.yy"
[21-01-2026 19:10:12] Found Room: r2
[21-01-2026 19:10:12] Current parent directory: C:/Users/Utilizador/Documents/DDJ/DigitalGame/AnymalsMind/Anymal Mind/rooms/rMainMenu
[21-01-2026 19:10:12] Checking rMainMenu.yy
[21-01-2026 19:10:12] Parsing C:/Users/Utilizador/Documents/DDJ/DigitalGame/AnymalsMind/Anymal Mind/rooms/rMainMenu/rMainMenu.yy
[21-01-2026 19:10:12] Reading C:/Users/Utilizador/Documents/DDJ/DigitalGame/AnymalsMind/Anymal Mind/rooms/rMainMenu/rMainMenu.yy
[21-01-2026 19:10:12] Par: "folders/MainMenu" at dir: "C:/Users/Utilizador/Documents/DDJ/DigitalGame/AnymalsMind/Anymal Mind/rooms/rMainMenu/rMainMenu.yy"
[21-01-2026 19:10:12] Found Room: rMainMenu
[21-01-2026 19:10:12] Current parent directory: C:/Users/Utilizador/Documents/DDJ/DigitalGame/AnymalsMind/Anymal Mind/rooms/rPauseMenu
[21-01-2026 19:10:12] Checking rPauseMenu.yy
[21-01-2026 19:10:12] Parsing C:/Users/Utilizador/Documents/DDJ/DigitalGame/AnymalsMind/Anymal Mind/rooms/rPauseMenu/rPauseMenu.yy
[21-01-2026 19:10:12] Reading C:/Users/Utilizador/Documents/DDJ/DigitalGame/AnymalsMind/Anymal Mind/rooms/rPauseMenu/rPauseMenu.yy
[21-01-2026 19:10:12] Par: "folders/Pause" at dir: "C:/Users/Utilizador/Documents/DDJ/DigitalGame/AnymalsMind/Anymal Mind/rooms/rPauseMenu/rPauseMenu.yy"
[21-01-2026 19:10:12] Found Room: rPauseMenu
[21-01-2026 19:10:12] Current parent directory: C:/Users/Utilizador/Documents/DDJ/DigitalGame/AnymalsMind/Anymal Mind/rooms/rPersistence
[21-01-2026 19:10:12] Checking rPersistence.yy
[21-01-2026 19:10:12] Parsing C:/Users/Utilizador/Documents/DDJ/DigitalGame/AnymalsMind/Anymal Mind/rooms/rPersistence/rPersistence.yy
[21-01-2026 19:10:12] Reading C:/Users/Utilizador/Documents/DDJ/DigitalGame/AnymalsMind/Anymal Mind/rooms/rPersistence/rPersistence.yy
[21-01-2026 19:10:12] Par: "folders/Rooms" at dir: "C:/Users/Utilizador/Documents/DDJ/DigitalGame/AnymalsMind/Anymal Mind/rooms/rPersistence/rPersistence.yy"
[21-01-2026 19:10:12] Found Room: rPersistence
[21-01-2026 19:10:12] Checking RoomCreationCode.gml
[21-01-2026 19:10:12] Current parent directory: C:/Users/Utilizador/Documents/DDJ/DigitalGame/AnymalsMind/Anymal Mind/scripts
[21-01-2026 19:10:12] Checking utils
[21-01-2026 19:10:12] Directory: C:/Users/Utilizador/Documents/DDJ/DigitalGame/AnymalsMind/Anymal Mind/scripts/utils
[21-01-2026 19:10:12] Checking TextFunctions
[21-01-2026 19:10:12] Directory: C:/Users/Utilizador/Documents/DDJ/DigitalGame/AnymalsMind/Anymal Mind/scripts/TextFunctions
[21-01-2026 19:10:12] Checking recipe_key
[21-01-2026 19:10:12] Directory: C:/Users/Utilizador/Documents/DDJ/DigitalGame/AnymalsMind/Anymal Mind/scripts/recipe_key
[21-01-2026 19:10:12] Checking playerTransformation
[21-01-2026 19:10:12] Directory: C:/Users/Utilizador/Documents/DDJ/DigitalGame/AnymalsMind/Anymal Mind/scripts/playerTransformation
[21-01-2026 19:10:12] Checking playerState
[21-01-2026 19:10:12] Directory: C:/Users/Utilizador/Documents/DDJ/DigitalGame/AnymalsMind/Anymal Mind/scripts/playerState
[21-01-2026 19:10:12] Checking obstacles
[21-01-2026 19:10:12] Directory: C:/Users/Utilizador/Documents/DDJ/DigitalGame/AnymalsMind/Anymal Mind/scripts/obstacles
[21-01-2026 19:10:12] Checking discoverAnimal
[21-01-2026 19:10:12] Directory: C:/Users/Utilizador/Documents/DDJ/DigitalGame/AnymalsMind/Anymal Mind/scripts/discoverAnimal
[21-01-2026 19:10:12] Checking craft_items
[21-01-2026 19:10:12] Directory: C:/Users/Utilizador/Documents/DDJ/DigitalGame/AnymalsMind/Anymal Mind/scripts/craft_items
[21-01-2026 19:10:12] Checking controlsList
[21-01-2026 19:10:12] Directory: C:/Users/Utilizador/Documents/DDJ/DigitalGame/AnymalsMind/Anymal Mind/scripts/controlsList
[21-01-2026 19:10:12] Checking controlMenu
[21-01-2026 19:10:12] Directory: C:/Users/Utilizador/Documents/DDJ/DigitalGame/AnymalsMind/Anymal Mind/scripts/controlMenu
[21-01-2026 19:10:12] Current parent directory: C:/Users/Utilizador/Documents/DDJ/DigitalGame/AnymalsMind/Anymal Mind/scripts/controlMenu
[21-01-2026 19:10:12] Checking controlMenu.yy
[21-01-2026 19:10:12] Parsing C:/Users/Utilizador/Documents/DDJ/DigitalGame/AnymalsMind/Anymal Mind/scripts/controlMenu/controlMenu.yy
[21-01-2026 19:10:12] Reading C:/Users/Utilizador/Documents/DDJ/DigitalGame/AnymalsMind/Anymal Mind/scripts/controlMenu/controlMenu.yy
[21-01-2026 19:10:12] Par: "folders/Scripts" at dir: "C:/Users/Utilizador/Documents/DDJ/DigitalGame/AnymalsMind/Anymal Mind/scripts/controlMenu/controlMenu.yy"
[21-01-2026 19:10:12] Found Script: controlMenu
[21-01-2026 19:10:12] Checking controlMenu.gml
[21-01-2026 19:10:12] Current parent directory: C:/Users/Utilizador/Documents/DDJ/DigitalGame/AnymalsMind/Anymal Mind/scripts/controlsList
[21-01-2026 19:10:12] Checking controlsList.yy
[21-01-2026 19:10:12] Parsing C:/Users/Utilizador/Documents/DDJ/DigitalGame/AnymalsMind/Anymal Mind/scripts/controlsList/controlsList.yy
[21-01-2026 19:10:12] Reading C:/Users/Utilizador/Documents/DDJ/DigitalGame/AnymalsMind/Anymal Mind/scripts/controlsList/controlsList.yy
[21-01-2026 19:10:12] Par: "folders/Scripts" at dir: "C:/Users/Utilizador/Documents/DDJ/DigitalGame/AnymalsMind/Anymal Mind/scripts/controlsList/controlsList.yy"
[21-01-2026 19:10:12] Found Script: controlsList
[21-01-2026 19:10:12] Checking controlsList.gml
[21-01-2026 19:10:12] Current parent directory: C:/Users/Utilizador/Documents/DDJ/DigitalGame/AnymalsMind/Anymal Mind/scripts/craft_items
[21-01-2026 19:10:12] Checking craft_items.yy
[21-01-2026 19:10:12] Parsing C:/Users/Utilizador/Documents/DDJ/DigitalGame/AnymalsMind/Anymal Mind/scripts/craft_items/craft_items.yy
[21-01-2026 19:10:12] Reading C:/Users/Utilizador/Documents/DDJ/DigitalGame/AnymalsMind/Anymal Mind/scripts/craft_items/craft_items.yy
[21-01-2026 19:10:12] Par: "folders/Scripts" at dir: "C:/Users/Utilizador/Documents/DDJ/DigitalGame/AnymalsMind/Anymal Mind/scripts/craft_items/craft_items.yy"
[21-01-2026 19:10:12] Found Script: craft_items
[21-01-2026 19:10:12] Checking craft_items.gml
[21-01-2026 19:10:12] Current parent directory: C:/Users/Utilizador/Documents/DDJ/DigitalGame/AnymalsMind/Anymal Mind/scripts/discoverAnimal
[21-01-2026 19:10:12] Checking discoverAnimal.yy
[21-01-2026 19:10:12] Parsing C:/Users/Utilizador/Documents/DDJ/DigitalGame/AnymalsMind/Anymal Mind/scripts/discoverAnimal/discoverAnimal.yy
[21-01-2026 19:10:12] Reading C:/Users/Utilizador/Documents/DDJ/DigitalGame/AnymalsMind/Anymal Mind/scripts/discoverAnimal/discoverAnimal.yy
[21-01-2026 19:10:12] Par: "folders/Scripts" at dir: "C:/Users/Utilizador/Documents/DDJ/DigitalGame/AnymalsMind/Anymal Mind/scripts/discoverAnimal/discoverAnimal.yy"
[21-01-2026 19:10:12] Found Script: discoverAnimal
[21-01-2026 19:10:12] Checking discoverAnimal.gml
[21-01-2026 19:10:12] Current parent directory: C:/Users/Utilizador/Documents/DDJ/DigitalGame/AnymalsMind/Anymal Mind/scripts/obstacles
[21-01-2026 19:10:12] Checking obstacles.yy
[21-01-2026 19:10:12] Parsing C:/Users/Utilizador/Documents/DDJ/DigitalGame/AnymalsMind/Anymal Mind/scripts/obstacles/obstacles.yy
[21-01-2026 19:10:12] Reading C:/Users/Utilizador/Documents/DDJ/DigitalGame/AnymalsMind/Anymal Mind/scripts/obstacles/obstacles.yy
[21-01-2026 19:10:12] Par: "folders/Scripts" at dir: "C:/Users/Utilizador/Documents/DDJ/DigitalGame/AnymalsMind/Anymal Mind/scripts/obstacles/obstacles.yy"
[21-01-2026 19:10:12] Found Script: obstacles
[21-01-2026 19:10:12] Checking obstacles.gml
[21-01-2026 19:10:12] Current parent directory: C:/Users/Utilizador/Documents/DDJ/DigitalGame/AnymalsMind/Anymal Mind/scripts/playerState
[21-01-2026 19:10:12] Checking playerState.yy
[21-01-2026 19:10:12] Parsing C:/Users/Utilizador/Documents/DDJ/DigitalGame/AnymalsMind/Anymal Mind/scripts/playerState/playerState.yy
[21-01-2026 19:10:12] Reading C:/Users/Utilizador/Documents/DDJ/DigitalGame/AnymalsMind/Anymal Mind/scripts/playerState/playerState.yy
[21-01-2026 19:10:12] Par: "folders/Scripts" at dir: "C:/Users/Utilizador/Documents/DDJ/DigitalGame/AnymalsMind/Anymal Mind/scripts/playerState/playerState.yy"
[21-01-2026 19:10:12] Found Script: playerState
[21-01-2026 19:10:12] Checking playerState.gml
[21-01-2026 19:10:12] Current parent directory: C:/Users/Utilizador/Documents/DDJ/DigitalGame/AnymalsMind/Anymal Mind/scripts/playerTransformation
[21-01-2026 19:10:12] Checking playerTransformation.yy
[21-01-2026 19:10:12] Parsing C:/Users/Utilizador/Documents/DDJ/DigitalGame/AnymalsMind/Anymal Mind/scripts/playerTransformation/playerTransformation.yy
[21-01-2026 19:10:12] Reading C:/Users/Utilizador/Documents/DDJ/DigitalGame/AnymalsMind/Anymal Mind/scripts/playerTransformation/playerTransformation.yy
[21-01-2026 19:10:12] Par: "folders/Scripts" at dir: "C:/Users/Utilizador/Documents/DDJ/DigitalGame/AnymalsMind/Anymal Mind/scripts/playerTransformation/playerTransformation.yy"
[21-01-2026 19:10:12] Found Script: playerTransformation
[21-01-2026 19:10:12] Checking playerTransformation.gml
[21-01-2026 19:10:12] Current parent directory: C:/Users/Utilizador/Documents/DDJ/DigitalGame/AnymalsMind/Anymal Mind/scripts/recipe_key
[21-01-2026 19:10:12] Checking recipe_key.yy
[21-01-2026 19:10:12] Parsing C:/Users/Utilizador/Documents/DDJ/DigitalGame/AnymalsMind/Anymal Mind/scripts/recipe_key/recipe_key.yy
[21-01-2026 19:10:12] Reading C:/Users/Utilizador/Documents/DDJ/DigitalGame/AnymalsMind/Anymal Mind/scripts/recipe_key/recipe_key.yy
[21-01-2026 19:10:12] Par: "folders/Scripts" at dir: "C:/Users/Utilizador/Documents/DDJ/DigitalGame/AnymalsMind/Anymal Mind/scripts/recipe_key/recipe_key.yy"
[21-01-2026 19:10:12] Found Script: recipe_key
[21-01-2026 19:10:12] Checking recipe_key.gml
[21-01-2026 19:10:12] Current parent directory: C:/Users/Utilizador/Documents/DDJ/DigitalGame/AnymalsMind/Anymal Mind/scripts/TextFunctions
[21-01-2026 19:10:12] Checking TextFunctions.yy
[21-01-2026 19:10:12] Parsing C:/Users/Utilizador/Documents/DDJ/DigitalGame/AnymalsMind/Anymal Mind/scripts/TextFunctions/TextFunctions.yy
[21-01-2026 19:10:12] Reading C:/Users/Utilizador/Documents/DDJ/DigitalGame/AnymalsMind/Anymal Mind/scripts/TextFunctions/TextFunctions.yy
[21-01-2026 19:10:12] Par: "folders/MainMenu/Text Functions" at dir: "C:/Users/Utilizador/Documents/DDJ/DigitalGame/AnymalsMind/Anymal Mind/scripts/TextFunctions/TextFunctions.yy"
[21-01-2026 19:10:12] Found Script: TextFunctions
[21-01-2026 19:10:12] Checking TextFunctions.gml
[21-01-2026 19:10:12] Current parent directory: C:/Users/Utilizador/Documents/DDJ/DigitalGame/AnymalsMind/Anymal Mind/scripts/utils
[21-01-2026 19:10:12] Checking utils.yy
[21-01-2026 19:10:12] Parsing C:/Users/Utilizador/Documents/DDJ/DigitalGame/AnymalsMind/Anymal Mind/scripts/utils/utils.yy
[21-01-2026 19:10:12] Reading C:/Users/Utilizador/Documents/DDJ/DigitalGame/AnymalsMind/Anymal Mind/scripts/utils/utils.yy
[21-01-2026 19:10:12] Par: "folders/Scripts" at dir: "C:/Users/Utilizador/Documents/DDJ/DigitalGame/AnymalsMind/Anymal Mind/scripts/utils/utils.yy"
[21-01-2026 19:10:12] Found Script: utils
[21-01-2026 19:10:12] Checking utils.gml
[21-01-2026 19:10:12] Current parent directory: C:/Users/Utilizador/Documents/DDJ/DigitalGame/AnymalsMind/Anymal Mind/sequences
[21-01-2026 19:10:12] Current parent directory: C:/Users/Utilizador/Documents/DDJ/DigitalGame/AnymalsMind/Anymal Mind/shaders
[21-01-2026 19:10:12] Current parent directory: C:/Users/Utilizador/Documents/DDJ/DigitalGame/AnymalsMind/Anymal Mind/sounds
[21-01-2026 19:10:12] Checking sndWater
[21-01-2026 19:10:12] Directory: C:/Users/Utilizador/Documents/DDJ/DigitalGame/AnymalsMind/Anymal Mind/sounds/sndWater
[21-01-2026 19:10:12] Checking sndSelect
[21-01-2026 19:10:12] Directory: C:/Users/Utilizador/Documents/DDJ/DigitalGame/AnymalsMind/Anymal Mind/sounds/sndSelect
[21-01-2026 19:10:12] Checking sndMain
[21-01-2026 19:10:12] Directory: C:/Users/Utilizador/Documents/DDJ/DigitalGame/AnymalsMind/Anymal Mind/sounds/sndMain
[21-01-2026 19:10:12] Checking sndConfirmation
[21-01-2026 19:10:12] Directory: C:/Users/Utilizador/Documents/DDJ/DigitalGame/AnymalsMind/Anymal Mind/sounds/sndConfirmation
[21-01-2026 19:10:12] Current parent directory: C:/Users/Utilizador/Documents/DDJ/DigitalGame/AnymalsMind/Anymal Mind/sounds/sndConfirmation
[21-01-2026 19:10:12] Checking sndConfirmation.yy
[21-01-2026 19:10:12] Parsing C:/Users/Utilizador/Documents/DDJ/DigitalGame/AnymalsMind/Anymal Mind/sounds/sndConfirmation/sndConfirmation.yy
[21-01-2026 19:10:12] Reading C:/Users/Utilizador/Documents/DDJ/DigitalGame/AnymalsMind/Anymal Mind/sounds/sndConfirmation/sndConfirmation.yy
[21-01-2026 19:10:12] Par: "folders/MainMenu/Sounds" at dir: "C:/Users/Utilizador/Documents/DDJ/DigitalGame/AnymalsMind/Anymal Mind/sounds/sndConfirmation/sndConfirmation.yy"
[21-01-2026 19:10:12] Found Sound: sndConfirmation
[21-01-2026 19:10:12] Checking sndConfirmation.ogg
[21-01-2026 19:10:12] Current parent directory: C:/Users/Utilizador/Documents/DDJ/DigitalGame/AnymalsMind/Anymal Mind/sounds/sndMain
[21-01-2026 19:10:12] Checking sndMain.yy
[21-01-2026 19:10:12] Parsing C:/Users/Utilizador/Documents/DDJ/DigitalGame/AnymalsMind/Anymal Mind/sounds/sndMain/sndMain.yy
[21-01-2026 19:10:12] Reading C:/Users/Utilizador/Documents/DDJ/DigitalGame/AnymalsMind/Anymal Mind/sounds/sndMain/sndMain.yy
[21-01-2026 19:10:12] Par: "folders/Sounds/BackgroundMusic" at dir: "C:/Users/Utilizador/Documents/DDJ/DigitalGame/AnymalsMind/Anymal Mind/sounds/sndMain/sndMain.yy"
[21-01-2026 19:10:12] Found Sound: sndMain
[21-01-2026 19:10:12] Checking sndMain.wav
[21-01-2026 19:10:12] Current parent directory: C:/Users/Utilizador/Documents/DDJ/DigitalGame/AnymalsMind/Anymal Mind/sounds/sndSelect
[21-01-2026 19:10:12] Checking sndSelect.yy
[21-01-2026 19:10:12] Parsing C:/Users/Utilizador/Documents/DDJ/DigitalGame/AnymalsMind/Anymal Mind/sounds/sndSelect/sndSelect.yy
[21-01-2026 19:10:12] Reading C:/Users/Utilizador/Documents/DDJ/DigitalGame/AnymalsMind/Anymal Mind/sounds/sndSelect/sndSelect.yy
[21-01-2026 19:10:12] Par: "folders/MainMenu/Sounds" at dir: "C:/Users/Utilizador/Documents/DDJ/DigitalGame/AnymalsMind/Anymal Mind/sounds/sndSelect/sndSelect.yy"
[21-01-2026 19:10:12] Found Sound: sndSelect
[21-01-2026 19:10:12] Checking sndSelect.ogg
[21-01-2026 19:10:12] Current parent directory: C:/Users/Utilizador/Documents/DDJ/DigitalGame/AnymalsMind/Anymal Mind/sounds/sndWater
[21-01-2026 19:10:12] Checking sndWater.yy
[21-01-2026 19:10:12] Parsing C:/Users/Utilizador/Documents/DDJ/DigitalGame/AnymalsMind/Anymal Mind/sounds/sndWater/sndWater.yy
[21-01-2026 19:10:12] Reading C:/Users/Utilizador/Documents/DDJ/DigitalGame/AnymalsMind/Anymal Mind/sounds/sndWater/sndWater.yy
[21-01-2026 19:10:12] Par: "folders/Sounds/BackgroundMusic" at dir: "C:/Users/Utilizador/Documents/DDJ/DigitalGame/AnymalsMind/Anymal Mind/sounds/sndWater/sndWater.yy"
[21-01-2026 19:10:12] Found Sound: sndWater
[21-01-2026 19:10:12] Checking sndWater.wav
[21-01-2026 19:10:12] Current parent directory: C:/Users/Utilizador/Documents/DDJ/DigitalGame/AnymalsMind/Anymal Mind/sprites
[21-01-2026 19:10:12] Checking sWeightPlatform
[21-01-2026 19:10:12] Directory: C:/Users/Utilizador/Documents/DDJ/DigitalGame/AnymalsMind/Anymal Mind/sprites/sWeightPlatform
[21-01-2026 19:10:12] Checking sWaterSplash
[21-01-2026 19:10:12] Directory: C:/Users/Utilizador/Documents/DDJ/DigitalGame/AnymalsMind/Anymal Mind/sprites/sWaterSplash
[21-01-2026 19:10:12] Checking sWaterBubble
[21-01-2026 19:10:12] Directory: C:/Users/Utilizador/Documents/DDJ/DigitalGame/AnymalsMind/Anymal Mind/sprites/sWaterBubble
[21-01-2026 19:10:12] Checking sWater
[21-01-2026 19:10:12] Directory: C:/Users/Utilizador/Documents/DDJ/DigitalGame/AnymalsMind/Anymal Mind/sprites/sWater
[21-01-2026 19:10:12] Checking sSpike
[21-01-2026 19:10:12] Directory: C:/Users/Utilizador/Documents/DDJ/DigitalGame/AnymalsMind/Anymal Mind/sprites/sSpike
[21-01-2026 19:10:12] Checking sSolid
[21-01-2026 19:10:12] Directory: C:/Users/Utilizador/Documents/DDJ/DigitalGame/AnymalsMind/Anymal Mind/sprites/sSolid
[21-01-2026 19:10:12] Checking sPlayerSpecial
[21-01-2026 19:10:12] Directory: C:/Users/Utilizador/Documents/DDJ/DigitalGame/AnymalsMind/Anymal Mind/sprites/sPlayerSpecial
[21-01-2026 19:10:12] Checking sPlayerRunning
[21-01-2026 19:10:12] Directory: C:/Users/Utilizador/Documents/DDJ/DigitalGame/AnymalsMind/Anymal Mind/sprites/sPlayerRunning
[21-01-2026 19:10:12] Checking sPlayerJumping
[21-01-2026 19:10:12] Directory: C:/Users/Utilizador/Documents/DDJ/DigitalGame/AnymalsMind/Anymal Mind/sprites/sPlayerJumping
[21-01-2026 19:10:12] Checking sPlayerIdle
[21-01-2026 19:10:12] Directory: C:/Users/Utilizador/Documents/DDJ/DigitalGame/AnymalsMind/Anymal Mind/sprites/sPlayerIdle
[21-01-2026 19:10:12] Checking sPlayer
[21-01-2026 19:10:12] Directory: C:/Users/Utilizador/Documents/DDJ/DigitalGame/AnymalsMind/Anymal Mind/sprites/sPlayer
[21-01-2026 19:10:12] Checking sP2
[21-01-2026 19:10:12] Directory: C:/Users/Utilizador/Documents/DDJ/DigitalGame/AnymalsMind/Anymal Mind/sprites/sP2
[21-01-2026 19:10:12] Checking sP1VultureRunning
[21-01-2026 19:10:12] Directory: C:/Users/Utilizador/Documents/DDJ/DigitalGame/AnymalsMind/Anymal Mind/sprites/sP1VultureRunning
[21-01-2026 19:10:12] Checking sP1VultureJumping
[21-01-2026 19:10:12] Directory: C:/Users/Utilizador/Documents/DDJ/DigitalGame/AnymalsMind/Anymal Mind/sprites/sP1VultureJumping
[21-01-2026 19:10:12] Checking sP1VultureIdle
[21-01-2026 19:10:12] Directory: C:/Users/Utilizador/Documents/DDJ/DigitalGame/AnymalsMind/Anymal Mind/sprites/sP1VultureIdle
[21-01-2026 19:10:12] Checking sP1Vulture
[21-01-2026 19:10:12] Directory: C:/Users/Utilizador/Documents/DDJ/DigitalGame/AnymalsMind/Anymal Mind/sprites/sP1Vulture
[21-01-2026 19:10:12] Checking sP1PandaSpecial
[21-01-2026 19:10:12] Directory: C:/Users/Utilizador/Documents/DDJ/DigitalGame/AnymalsMind/Anymal Mind/sprites/sP1PandaSpecial
[21-01-2026 19:10:12] Checking sP1PandaRunning
[21-01-2026 19:10:12] Directory: C:/Users/Utilizador/Documents/DDJ/DigitalGame/AnymalsMind/Anymal Mind/sprites/sP1PandaRunning
[21-01-2026 19:10:12] Checking sP1PandaJumping
[21-01-2026 19:10:12] Directory: C:/Users/Utilizador/Documents/DDJ/DigitalGame/AnymalsMind/Anymal Mind/sprites/sP1PandaJumping
[21-01-2026 19:10:12] Checking sP1PandaIdle
[21-01-2026 19:10:12] Directory: C:/Users/Utilizador/Documents/DDJ/DigitalGame/AnymalsMind/Anymal Mind/sprites/sP1PandaIdle
[21-01-2026 19:10:12] Checking sP1Panda
[21-01-2026 19:10:12] Directory: C:/Users/Utilizador/Documents/DDJ/DigitalGame/AnymalsMind/Anymal Mind/sprites/sP1Panda
[21-01-2026 19:10:12] Checking sP1Griffon
[21-01-2026 19:10:12] Directory: C:/Users/Utilizador/Documents/DDJ/DigitalGame/AnymalsMind/Anymal Mind/sprites/sP1Griffon
[21-01-2026 19:10:12] Checking sP1FrogSwimming
[21-01-2026 19:10:12] Directory: C:/Users/Utilizador/Documents/DDJ/DigitalGame/AnymalsMind/Anymal Mind/sprites/sP1FrogSwimming
[21-01-2026 19:10:12] Checking sP1FrogRunning
[21-01-2026 19:10:12] Directory: C:/Users/Utilizador/Documents/DDJ/DigitalGame/AnymalsMind/Anymal Mind/sprites/sP1FrogRunning
[21-01-2026 19:10:12] Checking sP1FrogJumping
[21-01-2026 19:10:12] Directory: C:/Users/Utilizador/Documents/DDJ/DigitalGame/AnymalsMind/Anymal Mind/sprites/sP1FrogJumping
[21-01-2026 19:10:12] Checking sP1FrogIdle
[21-01-2026 19:10:12] Directory: C:/Users/Utilizador/Documents/DDJ/DigitalGame/AnymalsMind/Anymal Mind/sprites/sP1FrogIdle
[21-01-2026 19:10:12] Checking sP1FrogCroak
[21-01-2026 19:10:12] Directory: C:/Users/Utilizador/Documents/DDJ/DigitalGame/AnymalsMind/Anymal Mind/sprites/sP1FrogCroak
[21-01-2026 19:10:12] Checking sP1Frog
[21-01-2026 19:10:12] Directory: C:/Users/Utilizador/Documents/DDJ/DigitalGame/AnymalsMind/Anymal Mind/sprites/sP1Frog
[21-01-2026 19:10:12] Checking sP1Crab
[21-01-2026 19:10:12] Directory: C:/Users/Utilizador/Documents/DDJ/DigitalGame/AnymalsMind/Anymal Mind/sprites/sP1Crab
[21-01-2026 19:10:12] Checking sP1Cat
[21-01-2026 19:10:12] Directory: C:/Users/Utilizador/Documents/DDJ/DigitalGame/AnymalsMind/Anymal Mind/sprites/sP1Cat
[21-01-2026 19:10:12] Checking sP1BlobSwimming
[21-01-2026 19:10:12] Directory: C:/Users/Utilizador/Documents/DDJ/DigitalGame/AnymalsMind/Anymal Mind/sprites/sP1BlobSwimming
[21-01-2026 19:10:12] Checking sP1BlobRunning
[21-01-2026 19:10:12] Directory: C:/Users/Utilizador/Documents/DDJ/DigitalGame/AnymalsMind/Anymal Mind/sprites/sP1BlobRunning
[21-01-2026 19:10:12] Checking sP1BlobJumping
[21-01-2026 19:10:12] Directory: C:/Users/Utilizador/Documents/DDJ/DigitalGame/AnymalsMind/Anymal Mind/sprites/sP1BlobJumping
[21-01-2026 19:10:12] Checking sP1BlobIdle
[21-01-2026 19:10:12] Directory: C:/Users/Utilizador/Documents/DDJ/DigitalGame/AnymalsMind/Anymal Mind/sprites/sP1BlobIdle
[21-01-2026 19:10:12] Checking sP1Blob
[21-01-2026 19:10:12] Directory: C:/Users/Utilizador/Documents/DDJ/DigitalGame/AnymalsMind/Anymal Mind/sprites/sP1Blob
[21-01-2026 19:10:12] Checking sP1BirdAnim
[21-01-2026 19:10:12] Directory: C:/Users/Utilizador/Documents/DDJ/DigitalGame/AnymalsMind/Anymal Mind/sprites/sP1BirdAnim
[21-01-2026 19:10:12] Checking sP1Bird
[21-01-2026 19:10:12] Directory: C:/Users/Utilizador/Documents/DDJ/DigitalGame/AnymalsMind/Anymal Mind/sprites/sP1Bird
[21-01-2026 19:10:12] Checking sP1Bear
[21-01-2026 19:10:12] Directory: C:/Users/Utilizador/Documents/DDJ/DigitalGame/AnymalsMind/Anymal Mind/sprites/sP1Bear
[21-01-2026 19:10:12] Checking sNest
[21-01-2026 19:10:12] Directory: C:/Users/Utilizador/Documents/DDJ/DigitalGame/AnymalsMind/Anymal Mind/sprites/sNest
[21-01-2026 19:10:12] Checking sLog1
[21-01-2026 19:10:12] Directory: C:/Users/Utilizador/Documents/DDJ/DigitalGame/AnymalsMind/Anymal Mind/sprites/sLog1
[21-01-2026 19:10:12] Checking sFlag
[21-01-2026 19:10:12] Directory: C:/Users/Utilizador/Documents/DDJ/DigitalGame/AnymalsMind/Anymal Mind/sprites/sFlag
[21-01-2026 19:10:12] Checking sExplodingBox
[21-01-2026 19:10:12] Directory: C:/Users/Utilizador/Documents/DDJ/DigitalGame/AnymalsMind/Anymal Mind/sprites/sExplodingBox
[21-01-2026 19:10:12] Checking sElephantIcon
[21-01-2026 19:10:12] Directory: C:/Users/Utilizador/Documents/DDJ/DigitalGame/AnymalsMind/Anymal Mind/sprites/sElephantIcon
[21-01-2026 19:10:12] Checking sBackWater
[21-01-2026 19:10:12] Directory: C:/Users/Utilizador/Documents/DDJ/DigitalGame/AnymalsMind/Anymal Mind/sprites/sBackWater
[21-01-2026 19:10:12] Checking sBackForest
[21-01-2026 19:10:12] Directory: C:/Users/Utilizador/Documents/DDJ/DigitalGame/AnymalsMind/Anymal Mind/sprites/sBackForest
[21-01-2026 19:10:12] Checking sBack
[21-01-2026 19:10:12] Directory: C:/Users/Utilizador/Documents/DDJ/DigitalGame/AnymalsMind/Anymal Mind/sprites/sBack
[21-01-2026 19:10:12] Checking sArrow
[21-01-2026 19:10:12] Directory: C:/Users/Utilizador/Documents/DDJ/DigitalGame/AnymalsMind/Anymal Mind/sprites/sArrow
[21-01-2026 19:10:12] Current parent directory: C:/Users/Utilizador/Documents/DDJ/DigitalGame/AnymalsMind/Anymal Mind/sprites/sArrow
[21-01-2026 19:10:12] Checking sArrow.yy
[21-01-2026 19:10:12] Parsing C:/Users/Utilizador/Documents/DDJ/DigitalGame/AnymalsMind/Anymal Mind/sprites/sArrow/sArrow.yy
[21-01-2026 19:10:12] Reading C:/Users/Utilizador/Documents/DDJ/DigitalGame/AnymalsMind/Anymal Mind/sprites/sArrow/sArrow.yy
[21-01-2026 19:10:12] Par: "folders/MainMenu" at dir: "C:/Users/Utilizador/Documents/DDJ/DigitalGame/AnymalsMind/Anymal Mind/sprites/sArrow/sArrow.yy"
[21-01-2026 19:10:12] Found Sprite: sArrow
[21-01-2026 19:10:12] Checking layers
[21-01-2026 19:10:12] Directory: C:/Users/Utilizador/Documents/DDJ/DigitalGame/AnymalsMind/Anymal Mind/sprites/sArrow/layers
[21-01-2026 19:10:12] Checking 388f063f-440b-431d-9273-7ff8c377b172.png
[21-01-2026 19:10:12] Current parent directory: C:/Users/Utilizador/Documents/DDJ/DigitalGame/AnymalsMind/Anymal Mind/sprites/sArrow/layers
[21-01-2026 19:10:12] Checking 388f063f-440b-431d-9273-7ff8c377b172
[21-01-2026 19:10:12] Directory: C:/Users/Utilizador/Documents/DDJ/DigitalGame/AnymalsMind/Anymal Mind/sprites/sArrow/layers/388f063f-440b-431d-9273-7ff8c377b172
[21-01-2026 19:10:12] Current parent directory: C:/Users/Utilizador/Documents/DDJ/DigitalGame/AnymalsMind/Anymal Mind/sprites/sArrow/layers/388f063f-440b-431d-9273-7ff8c377b172
[21-01-2026 19:10:12] Checking 30e80358-d5f7-498e-8fe4-39196d8f329b.png
[21-01-2026 19:10:12] Current parent directory: C:/Users/Utilizador/Documents/DDJ/DigitalGame/AnymalsMind/Anymal Mind/sprites/sBack
[21-01-2026 19:10:12] Checking sBack.yy
[21-01-2026 19:10:12] Parsing C:/Users/Utilizador/Documents/DDJ/DigitalGame/AnymalsMind/Anymal Mind/sprites/sBack/sBack.yy
[21-01-2026 19:10:12] Reading C:/Users/Utilizador/Documents/DDJ/DigitalGame/AnymalsMind/Anymal Mind/sprites/sBack/sBack.yy
[21-01-2026 19:10:12] Par: "folders/Backgrounds" at dir: "C:/Users/Utilizador/Documents/DDJ/DigitalGame/AnymalsMind/Anymal Mind/sprites/sBack/sBack.yy"
[21-01-2026 19:10:12] Found Sprite: sBack
[21-01-2026 19:10:12] Checking layers
[21-01-2026 19:10:12] Directory: C:/Users/Utilizador/Documents/DDJ/DigitalGame/AnymalsMind/Anymal Mind/sprites/sBack/layers
[21-01-2026 19:10:12] Checking 058db9fe-e464-44ab-b135-53b33c94fd27.png
[21-01-2026 19:10:12] Current parent directory: C:/Users/Utilizador/Documents/DDJ/DigitalGame/AnymalsMind/Anymal Mind/sprites/sBack/layers
[21-01-2026 19:10:12] Checking 058db9fe-e464-44ab-b135-53b33c94fd27
[21-01-2026 19:10:12] Directory: C:/Users/Utilizador/Documents/DDJ/DigitalGame/AnymalsMind/Anymal Mind/sprites/sBack/layers/058db9fe-e464-44ab-b135-53b33c94fd27
[21-01-2026 19:10:12] Current parent directory: C:/Users/Utilizador/Documents/DDJ/DigitalGame/AnymalsMind/Anymal Mind/sprites/sBack/layers/058db9fe-e464-44ab-b135-53b33c94fd27
[21-01-2026 19:10:12] Checking 85ac4620-313f-4aa1-89c9-c3ca3bbcc2d9.png
[21-01-2026 19:10:12] Current parent directory: C:/Users/Utilizador/Documents/DDJ/DigitalGame/AnymalsMind/Anymal Mind/sprites/sBackForest
[21-01-2026 19:10:12] Checking sBackForest.yy
[21-01-2026 19:10:12] Parsing C:/Users/Utilizador/Documents/DDJ/DigitalGame/AnymalsMind/Anymal Mind/sprites/sBackForest/sBackForest.yy
[21-01-2026 19:10:12] Reading C:/Users/Utilizador/Documents/DDJ/DigitalGame/AnymalsMind/Anymal Mind/sprites/sBackForest/sBackForest.yy
[21-01-2026 19:10:12] Par: "folders/Backgrounds" at dir: "C:/Users/Utilizador/Documents/DDJ/DigitalGame/AnymalsMind/Anymal Mind/sprites/sBackForest/sBackForest.yy"
[21-01-2026 19:10:12] Found Sprite: sBackForest
[21-01-2026 19:10:12] Checking layers
[21-01-2026 19:10:12] Directory: C:/Users/Utilizador/Documents/DDJ/DigitalGame/AnymalsMind/Anymal Mind/sprites/sBackForest/layers
[21-01-2026 19:10:12] Checking 1a1d14d2-afe1-47a1-889e-ec05cf8de2b1.png
[21-01-2026 19:10:12] Current parent directory: C:/Users/Utilizador/Documents/DDJ/DigitalGame/AnymalsMind/Anymal Mind/sprites/sBackForest/layers
[21-01-2026 19:10:12] Checking 1a1d14d2-afe1-47a1-889e-ec05cf8de2b1
[21-01-2026 19:10:12] Directory: C:/Users/Utilizador/Documents/DDJ/DigitalGame/AnymalsMind/Anymal Mind/sprites/sBackForest/layers/1a1d14d2-afe1-47a1-889e-ec05cf8de2b1
[21-01-2026 19:10:12] Current parent directory: C:/Users/Utilizador/Documents/DDJ/DigitalGame/AnymalsMind/Anymal Mind/sprites/sBackForest/layers/1a1d14d2-afe1-47a1-889e-ec05cf8de2b1
[21-01-2026 19:10:12] Checking c4b1a3d9-9698-4de5-85c5-53715729d9ab.png
[21-01-2026 19:10:12] Current parent directory: C:/Users/Utilizador/Documents/DDJ/DigitalGame/AnymalsMind/Anymal Mind/sprites/sBackWater
[21-01-2026 19:10:12] Checking sBackWater.yy
[21-01-2026 19:10:12] Parsing C:/Users/Utilizador/Documents/DDJ/DigitalGame/AnymalsMind/Anymal Mind/sprites/sBackWater/sBackWater.yy
[21-01-2026 19:10:12] Reading C:/Users/Utilizador/Documents/DDJ/DigitalGame/AnymalsMind/Anymal Mind/sprites/sBackWater/sBackWater.yy
[21-01-2026 19:10:12] Par: "folders/Backgrounds" at dir: "C:/Users/Utilizador/Documents/DDJ/DigitalGame/AnymalsMind/Anymal Mind/sprites/sBackWater/sBackWater.yy"
[21-01-2026 19:10:12] Found Sprite: sBackWater
[21-01-2026 19:10:12] Checking layers
[21-01-2026 19:10:12] Directory: C:/Users/Utilizador/Documents/DDJ/DigitalGame/AnymalsMind/Anymal Mind/sprites/sBackWater/layers
[21-01-2026 19:10:12] Checking 848602b9-b8df-432c-88c5-440fdbdf5e27.png
[21-01-2026 19:10:12] Current parent directory: C:/Users/Utilizador/Documents/DDJ/DigitalGame/AnymalsMind/Anymal Mind/sprites/sBackWater/layers
[21-01-2026 19:10:12] Checking 848602b9-b8df-432c-88c5-440fdbdf5e27
[21-01-2026 19:10:12] Directory: C:/Users/Utilizador/Documents/DDJ/DigitalGame/AnymalsMind/Anymal Mind/sprites/sBackWater/layers/848602b9-b8df-432c-88c5-440fdbdf5e27
[21-01-2026 19:10:12] Current parent directory: C:/Users/Utilizador/Documents/DDJ/DigitalGame/AnymalsMind/Anymal Mind/sprites/sBackWater/layers/848602b9-b8df-432c-88c5-440fdbdf5e27
[21-01-2026 19:10:12] Checking 3c9bd9b2-0f46-48c6-8321-3843d3c2bf99.png
[21-01-2026 19:10:12] Current parent directory: C:/Users/Utilizador/Documents/DDJ/DigitalGame/AnymalsMind/Anymal Mind/sprites/sElephantIcon
[21-01-2026 19:10:12] Checking sElephantIcon.yy
[21-01-2026 19:10:12] Parsing C:/Users/Utilizador/Documents/DDJ/DigitalGame/AnymalsMind/Anymal Mind/sprites/sElephantIcon/sElephantIcon.yy
[21-01-2026 19:10:12] Reading C:/Users/Utilizador/Documents/DDJ/DigitalGame/AnymalsMind/Anymal Mind/sprites/sElephantIcon/sElephantIcon.yy
[21-01-2026 19:10:12] Par: "folders/Sprites/UI" at dir: "C:/Users/Utilizador/Documents/DDJ/DigitalGame/AnymalsMind/Anymal Mind/sprites/sElephantIcon/sElephantIcon.yy"
[21-01-2026 19:10:12] Found Sprite: sElephantIcon
[21-01-2026 19:10:12] Checking layers
[21-01-2026 19:10:12] Directory: C:/Users/Utilizador/Documents/DDJ/DigitalGame/AnymalsMind/Anymal Mind/sprites/sElephantIcon/layers
[21-01-2026 19:10:12] Checking a4965f84-2d17-461f-b99c-fec0be8246cb.png
[21-01-2026 19:10:12] Current parent directory: C:/Users/Utilizador/Documents/DDJ/DigitalGame/AnymalsMind/Anymal Mind/sprites/sElephantIcon/layers
[21-01-2026 19:10:12] Checking a4965f84-2d17-461f-b99c-fec0be8246cb
[21-01-2026 19:10:12] Directory: C:/Users/Utilizador/Documents/DDJ/DigitalGame/AnymalsMind/Anymal Mind/sprites/sElephantIcon/layers/a4965f84-2d17-461f-b99c-fec0be8246cb
[21-01-2026 19:10:12] Current parent directory: C:/Users/Utilizador/Documents/DDJ/DigitalGame/AnymalsMind/Anymal Mind/sprites/sElephantIcon/layers/a4965f84-2d17-461f-b99c-fec0be8246cb
[21-01-2026 19:10:12] Checking 2834d1bf-dce2-4efd-a956-5bb5f22bf669.png
[21-01-2026 19:10:12] Current parent directory: C:/Users/Utilizador/Documents/DDJ/DigitalGame/AnymalsMind/Anymal Mind/sprites/sExplodingBox
[21-01-2026 19:10:12] Checking sExplodingBox.yy
[21-01-2026 19:10:12] Parsing C:/Users/Utilizador/Documents/DDJ/DigitalGame/AnymalsMind/Anymal Mind/sprites/sExplodingBox/sExplodingBox.yy
[21-01-2026 19:10:12] Reading C:/Users/Utilizador/Documents/DDJ/DigitalGame/AnymalsMind/Anymal Mind/sprites/sExplodingBox/sExplodingBox.yy
[21-01-2026 19:10:12] Par: "folders/Sprites/Environment" at dir: "C:/Users/Utilizador/Documents/DDJ/DigitalGame/AnymalsMind/Anymal Mind/sprites/sExplodingBox/sExplodingBox.yy"
[21-01-2026 19:10:12] Found Sprite: sExplodingBox
[21-01-2026 19:10:12] Checking layers
[21-01-2026 19:10:12] Directory: C:/Users/Utilizador/Documents/DDJ/DigitalGame/AnymalsMind/Anymal Mind/sprites/sExplodingBox/layers
[21-01-2026 19:10:12] Checking fb339f93-447e-4ee5-b8df-c7135796d01b.png
[21-01-2026 19:10:12] Checking e07bdb56-0de3-43e1-9e2b-529248298a5d.png
[21-01-2026 19:10:12] Checking 9d6cef79-d197-415d-92ed-38b8356c5061.png
[21-01-2026 19:10:12] Checking 952e5736-aa9d-4760-a418-45db65cc9b63.png
[21-01-2026 19:10:12] Checking 92004113-6cca-4c89-8e00-14cbc7481c21.png
[21-01-2026 19:10:12] Checking 770f5c95-2e2e-44ac-b3d3-772f8bcce98e.png
[21-01-2026 19:10:12] Checking 71045a4b-2171-4525-8493-6f1f7cebe601.png
[21-01-2026 19:10:12] Checking 54b4f0a0-ce79-4b3e-8b58-13a695b15cc5.png
[21-01-2026 19:10:12] Checking 4b96e45a-b431-495b-a070-bec74efd680b.png
[21-01-2026 19:10:12] Checking 1379f92f-e7eb-4980-97a9-df3cef91c2f0.png
[21-01-2026 19:10:12] Current parent directory: C:/Users/Utilizador/Documents/DDJ/DigitalGame/AnymalsMind/Anymal Mind/sprites/sExplodingBox/layers
[21-01-2026 19:10:12] Checking fb339f93-447e-4ee5-b8df-c7135796d01b
[21-01-2026 19:10:12] Directory: C:/Users/Utilizador/Documents/DDJ/DigitalGame/AnymalsMind/Anymal Mind/sprites/sExplodingBox/layers/fb339f93-447e-4ee5-b8df-c7135796d01b
[21-01-2026 19:10:12] Checking e07bdb56-0de3-43e1-9e2b-529248298a5d
[21-01-2026 19:10:12] Directory: C:/Users/Utilizador/Documents/DDJ/DigitalGame/AnymalsMind/Anymal Mind/sprites/sExplodingBox/layers/e07bdb56-0de3-43e1-9e2b-529248298a5d
[21-01-2026 19:10:12] Checking 9d6cef79-d197-415d-92ed-38b8356c5061
[21-01-2026 19:10:12] Directory: C:/Users/Utilizador/Documents/DDJ/DigitalGame/AnymalsMind/Anymal Mind/sprites/sExplodingBox/layers/9d6cef79-d197-415d-92ed-38b8356c5061
[21-01-2026 19:10:12] Checking 952e5736-aa9d-4760-a418-45db65cc9b63
[21-01-2026 19:10:12] Directory: C:/Users/Utilizador/Documents/DDJ/DigitalGame/AnymalsMind/Anymal Mind/sprites/sExplodingBox/layers/952e5736-aa9d-4760-a418-45db65cc9b63
[21-01-2026 19:10:12] Checking 92004113-6cca-4c89-8e00-14cbc7481c21
[21-01-2026 19:10:12] Directory: C:/Users/Utilizador/Documents/DDJ/DigitalGame/AnymalsMind/Anymal Mind/sprites/sExplodingBox/layers/92004113-6cca-4c89-8e00-14cbc7481c21
[21-01-2026 19:10:12] Checking 770f5c95-2e2e-44ac-b3d3-772f8bcce98e
[21-01-2026 19:10:12] Directory: C:/Users/Utilizador/Documents/DDJ/DigitalGame/AnymalsMind/Anymal Mind/sprites/sExplodingBox/layers/770f5c95-2e2e-44ac-b3d3-772f8bcce98e
[21-01-2026 19:10:12] Checking 71045a4b-2171-4525-8493-6f1f7cebe601
[21-01-2026 19:10:12] Directory: C:/Users/Utilizador/Documents/DDJ/DigitalGame/AnymalsMind/Anymal Mind/sprites/sExplodingBox/layers/71045a4b-2171-4525-8493-6f1f7cebe601
[21-01-2026 19:10:12] Checking 54b4f0a0-ce79-4b3e-8b58-13a695b15cc5
[21-01-2026 19:10:12] Directory: C:/Users/Utilizador/Documents/DDJ/DigitalGame/AnymalsMind/Anymal Mind/sprites/sExplodingBox/layers/54b4f0a0-ce79-4b3e-8b58-13a695b15cc5
[21-01-2026 19:10:12] Checking 4b96e45a-b431-495b-a070-bec74efd680b
[21-01-2026 19:10:12] Directory: C:/Users/Utilizador/Documents/DDJ/DigitalGame/AnymalsMind/Anymal Mind/sprites/sExplodingBox/layers/4b96e45a-b431-495b-a070-bec74efd680b
[21-01-2026 19:10:12] Checking 1379f92f-e7eb-4980-97a9-df3cef91c2f0
[21-01-2026 19:10:12] Directory: C:/Users/Utilizador/Documents/DDJ/DigitalGame/AnymalsMind/Anymal Mind/sprites/sExplodingBox/layers/1379f92f-e7eb-4980-97a9-df3cef91c2f0
[21-01-2026 19:10:12] Current parent directory: C:/Users/Utilizador/Documents/DDJ/DigitalGame/AnymalsMind/Anymal Mind/sprites/sExplodingBox/layers/1379f92f-e7eb-4980-97a9-df3cef91c2f0
[21-01-2026 19:10:12] Checking f7756b06-cd5b-4e2b-b85c-469b182c4e56.png
[21-01-2026 19:10:12] Current parent directory: C:/Users/Utilizador/Documents/DDJ/DigitalGame/AnymalsMind/Anymal Mind/sprites/sExplodingBox/layers/4b96e45a-b431-495b-a070-bec74efd680b
[21-01-2026 19:10:12] Checking f7756b06-cd5b-4e2b-b85c-469b182c4e56.png
[21-01-2026 19:10:12] Current parent directory: C:/Users/Utilizador/Documents/DDJ/DigitalGame/AnymalsMind/Anymal Mind/sprites/sExplodingBox/layers/54b4f0a0-ce79-4b3e-8b58-13a695b15cc5
[21-01-2026 19:10:12] Checking f7756b06-cd5b-4e2b-b85c-469b182c4e56.png
[21-01-2026 19:10:12] Current parent directory: C:/Users/Utilizador/Documents/DDJ/DigitalGame/AnymalsMind/Anymal Mind/sprites/sExplodingBox/layers/71045a4b-2171-4525-8493-6f1f7cebe601
[21-01-2026 19:10:12] Checking f7756b06-cd5b-4e2b-b85c-469b182c4e56.png
[21-01-2026 19:10:12] Current parent directory: C:/Users/Utilizador/Documents/DDJ/DigitalGame/AnymalsMind/Anymal Mind/sprites/sExplodingBox/layers/770f5c95-2e2e-44ac-b3d3-772f8bcce98e
[21-01-2026 19:10:12] Checking f7756b06-cd5b-4e2b-b85c-469b182c4e56.png
[21-01-2026 19:10:12] Current parent directory: C:/Users/Utilizador/Documents/DDJ/DigitalGame/AnymalsMind/Anymal Mind/sprites/sExplodingBox/layers/92004113-6cca-4c89-8e00-14cbc7481c21
[21-01-2026 19:10:12] Checking f7756b06-cd5b-4e2b-b85c-469b182c4e56.png
[21-01-2026 19:10:12] Current parent directory: C:/Users/Utilizador/Documents/DDJ/DigitalGame/AnymalsMind/Anymal Mind/sprites/sExplodingBox/layers/952e5736-aa9d-4760-a418-45db65cc9b63
[21-01-2026 19:10:12] Checking f7756b06-cd5b-4e2b-b85c-469b182c4e56.png
[21-01-2026 19:10:12] Current parent directory: C:/Users/Utilizador/Documents/DDJ/DigitalGame/AnymalsMind/Anymal Mind/sprites/sExplodingBox/layers/9d6cef79-d197-415d-92ed-38b8356c5061
[21-01-2026 19:10:12] Checking f7756b06-cd5b-4e2b-b85c-469b182c4e56.png
[21-01-2026 19:10:12] Current parent directory: C:/Users/Utilizador/Documents/DDJ/DigitalGame/AnymalsMind/Anymal Mind/sprites/sExplodingBox/layers/e07bdb56-0de3-43e1-9e2b-529248298a5d
[21-01-2026 19:10:12] Checking f7756b06-cd5b-4e2b-b85c-469b182c4e56.png
[21-01-2026 19:10:12] Current parent directory: C:/Users/Utilizador/Documents/DDJ/DigitalGame/AnymalsMind/Anymal Mind/sprites/sExplodingBox/layers/fb339f93-447e-4ee5-b8df-c7135796d01b
[21-01-2026 19:10:12] Checking f7756b06-cd5b-4e2b-b85c-469b182c4e56.png
[21-01-2026 19:10:12] Current parent directory: C:/Users/Utilizador/Documents/DDJ/DigitalGame/AnymalsMind/Anymal Mind/sprites/sFlag
[21-01-2026 19:10:12] Checking sFlag.yy
[21-01-2026 19:10:12] Parsing C:/Users/Utilizador/Documents/DDJ/DigitalGame/AnymalsMind/Anymal Mind/sprites/sFlag/sFlag.yy
[21-01-2026 19:10:12] Reading C:/Users/Utilizador/Documents/DDJ/DigitalGame/AnymalsMind/Anymal Mind/sprites/sFlag/sFlag.yy
[21-01-2026 19:10:12] Par: "folders/Sprites/Environment" at dir: "C:/Users/Utilizador/Documents/DDJ/DigitalGame/AnymalsMind/Anymal Mind/sprites/sFlag/sFlag.yy"
[21-01-2026 19:10:12] Found Sprite: sFlag
[21-01-2026 19:10:12] Checking layers
[21-01-2026 19:10:12] Directory: C:/Users/Utilizador/Documents/DDJ/DigitalGame/AnymalsMind/Anymal Mind/sprites/sFlag/layers
[21-01-2026 19:10:12] Checking ca8ac01e-2818-4696-9bcc-0afe86efefe5.png
[21-01-2026 19:10:12] Current parent directory: C:/Users/Utilizador/Documents/DDJ/DigitalGame/AnymalsMind/Anymal Mind/sprites/sFlag/layers
[21-01-2026 19:10:12] Checking ca8ac01e-2818-4696-9bcc-0afe86efefe5
[21-01-2026 19:10:12] Directory: C:/Users/Utilizador/Documents/DDJ/DigitalGame/AnymalsMind/Anymal Mind/sprites/sFlag/layers/ca8ac01e-2818-4696-9bcc-0afe86efefe5
[21-01-2026 19:10:12] Current parent directory: C:/Users/Utilizador/Documents/DDJ/DigitalGame/AnymalsMind/Anymal Mind/sprites/sFlag/layers/ca8ac01e-2818-4696-9bcc-0afe86efefe5
[21-01-2026 19:10:12] Checking 4c349509-d182-4bf4-85db-70aa91abca4c.png
[21-01-2026 19:10:12] Current parent directory: C:/Users/Utilizador/Documents/DDJ/DigitalGame/AnymalsMind/Anymal Mind/sprites/sLog1
[21-01-2026 19:10:12] Checking sLog1.yy
[21-01-2026 19:10:12] Parsing C:/Users/Utilizador/Documents/DDJ/DigitalGame/AnymalsMind/Anymal Mind/sprites/sLog1/sLog1.yy
[21-01-2026 19:10:12] Reading C:/Users/Utilizador/Documents/DDJ/DigitalGame/AnymalsMind/Anymal Mind/sprites/sLog1/sLog1.yy
[21-01-2026 19:10:12] Par: "folders/Sprites/Environment" at dir: "C:/Users/Utilizador/Documents/DDJ/DigitalGame/AnymalsMind/Anymal Mind/sprites/sLog1/sLog1.yy"
[21-01-2026 19:10:12] Found Sprite: sLog1
[21-01-2026 19:10:12] Checking layers
[21-01-2026 19:10:12] Directory: C:/Users/Utilizador/Documents/DDJ/DigitalGame/AnymalsMind/Anymal Mind/sprites/sLog1/layers
[21-01-2026 19:10:12] Checking 3ffd4e86-f807-4857-93c5-e48e79548936.png
[21-01-2026 19:10:12] Current parent directory: C:/Users/Utilizador/Documents/DDJ/DigitalGame/AnymalsMind/Anymal Mind/sprites/sLog1/layers
[21-01-2026 19:10:12] Checking 3ffd4e86-f807-4857-93c5-e48e79548936
[21-01-2026 19:10:12] Directory: C:/Users/Utilizador/Documents/DDJ/DigitalGame/AnymalsMind/Anymal Mind/sprites/sLog1/layers/3ffd4e86-f807-4857-93c5-e48e79548936
[21-01-2026 19:10:12] Current parent directory: C:/Users/Utilizador/Documents/DDJ/DigitalGame/AnymalsMind/Anymal Mind/sprites/sLog1/layers/3ffd4e86-f807-4857-93c5-e48e79548936
[21-01-2026 19:10:12] Checking 2153e43a-0580-40e0-a989-4457b6862d2b.png
[21-01-2026 19:10:12] Current parent directory: C:/Users/Utilizador/Documents/DDJ/DigitalGame/AnymalsMind/Anymal Mind/sprites/sNest
[21-01-2026 19:10:12] Checking sNest.yy
[21-01-2026 19:10:12] Parsing C:/Users/Utilizador/Documents/DDJ/DigitalGame/AnymalsMind/Anymal Mind/sprites/sNest/sNest.yy
[21-01-2026 19:10:12] Reading C:/Users/Utilizador/Documents/DDJ/DigitalGame/AnymalsMind/Anymal Mind/sprites/sNest/sNest.yy
[21-01-2026 19:10:12] Par: "folders/Nest" at dir: "C:/Users/Utilizador/Documents/DDJ/DigitalGame/AnymalsMind/Anymal Mind/sprites/sNest/sNest.yy"
[21-01-2026 19:10:12] Found Sprite: sNest
[21-01-2026 19:10:12] Checking layers
[21-01-2026 19:10:12] Directory: C:/Users/Utilizador/Documents/DDJ/DigitalGame/AnymalsMind/Anymal Mind/sprites/sNest/layers
[21-01-2026 19:10:12] Checking 8bb3dcc0-823d-4732-bc07-89dbef06d400.png
[21-01-2026 19:10:12] Current parent directory: C:/Users/Utilizador/Documents/DDJ/DigitalGame/AnymalsMind/Anymal Mind/sprites/sNest/layers
[21-01-2026 19:10:12] Checking 8bb3dcc0-823d-4732-bc07-89dbef06d400
[21-01-2026 19:10:12] Directory: C:/Users/Utilizador/Documents/DDJ/DigitalGame/AnymalsMind/Anymal Mind/sprites/sNest/layers/8bb3dcc0-823d-4732-bc07-89dbef06d400
[21-01-2026 19:10:12] Current parent directory: C:/Users/Utilizador/Documents/DDJ/DigitalGame/AnymalsMind/Anymal Mind/sprites/sNest/layers/8bb3dcc0-823d-4732-bc07-89dbef06d400
[21-01-2026 19:10:12] Checking 541a896f-6fc5-4c88-a65e-0c02c4357aec.png
[21-01-2026 19:10:12] Current parent directory: C:/Users/Utilizador/Documents/DDJ/DigitalGame/AnymalsMind/Anymal Mind/sprites/sP1Bear
[21-01-2026 19:10:12] Checking sP1Bear.yy
[21-01-2026 19:10:12] Parsing C:/Users/Utilizador/Documents/DDJ/DigitalGame/AnymalsMind/Anymal Mind/sprites/sP1Bear/sP1Bear.yy
[21-01-2026 19:10:12] Reading C:/Users/Utilizador/Documents/DDJ/DigitalGame/AnymalsMind/Anymal Mind/sprites/sP1Bear/sP1Bear.yy
[21-01-2026 19:10:12] Par: "folders/Sprites/Animals" at dir: "C:/Users/Utilizador/Documents/DDJ/DigitalGame/AnymalsMind/Anymal Mind/sprites/sP1Bear/sP1Bear.yy"
[21-01-2026 19:10:12] Found Sprite: sP1Bear
[21-01-2026 19:10:12] Checking layers
[21-01-2026 19:10:12] Directory: C:/Users/Utilizador/Documents/DDJ/DigitalGame/AnymalsMind/Anymal Mind/sprites/sP1Bear/layers
[21-01-2026 19:10:12] Checking 2fb46d81-25da-4b88-834d-e39782c7a18e.png
[21-01-2026 19:10:12] Current parent directory: C:/Users/Utilizador/Documents/DDJ/DigitalGame/AnymalsMind/Anymal Mind/sprites/sP1Bear/layers
[21-01-2026 19:10:12] Checking 2fb46d81-25da-4b88-834d-e39782c7a18e
[21-01-2026 19:10:12] Directory: C:/Users/Utilizador/Documents/DDJ/DigitalGame/AnymalsMind/Anymal Mind/sprites/sP1Bear/layers/2fb46d81-25da-4b88-834d-e39782c7a18e
[21-01-2026 19:10:12] Current parent directory: C:/Users/Utilizador/Documents/DDJ/DigitalGame/AnymalsMind/Anymal Mind/sprites/sP1Bear/layers/2fb46d81-25da-4b88-834d-e39782c7a18e
[21-01-2026 19:10:12] Checking 9da34182-e5c6-4755-ab6e-702c2245f7f6.png
[21-01-2026 19:10:12] Current parent directory: C:/Users/Utilizador/Documents/DDJ/DigitalGame/AnymalsMind/Anymal Mind/sprites/sP1Bird
[21-01-2026 19:10:12] Checking sP1Bird.yy
[21-01-2026 19:10:12] Parsing C:/Users/Utilizador/Documents/DDJ/DigitalGame/AnymalsMind/Anymal Mind/sprites/sP1Bird/sP1Bird.yy
[21-01-2026 19:10:12] Reading C:/Users/Utilizador/Documents/DDJ/DigitalGame/AnymalsMind/Anymal Mind/sprites/sP1Bird/sP1Bird.yy
[21-01-2026 19:10:12] Par: "folders/Sprites/Animals" at dir: "C:/Users/Utilizador/Documents/DDJ/DigitalGame/AnymalsMind/Anymal Mind/sprites/sP1Bird/sP1Bird.yy"
[21-01-2026 19:10:12] Found Sprite: sP1Bird
[21-01-2026 19:10:12] Checking layers
[21-01-2026 19:10:12] Directory: C:/Users/Utilizador/Documents/DDJ/DigitalGame/AnymalsMind/Anymal Mind/sprites/sP1Bird/layers
[21-01-2026 19:10:12] Checking 0eeb7c4d-5a98-47af-a41e-a9be2a2503cc.png
[21-01-2026 19:10:12] Current parent directory: C:/Users/Utilizador/Documents/DDJ/DigitalGame/AnymalsMind/Anymal Mind/sprites/sP1Bird/layers
[21-01-2026 19:10:12] Checking 0eeb7c4d-5a98-47af-a41e-a9be2a2503cc
[21-01-2026 19:10:12] Directory: C:/Users/Utilizador/Documents/DDJ/DigitalGame/AnymalsMind/Anymal Mind/sprites/sP1Bird/layers/0eeb7c4d-5a98-47af-a41e-a9be2a2503cc
[21-01-2026 19:10:12] Current parent directory: C:/Users/Utilizador/Documents/DDJ/DigitalGame/AnymalsMind/Anymal Mind/sprites/sP1Bird/layers/0eeb7c4d-5a98-47af-a41e-a9be2a2503cc
[21-01-2026 19:10:12] Checking 6eeeb952-4e23-46c0-8671-52da713c0065.png
[21-01-2026 19:10:12] Current parent directory: C:/Users/Utilizador/Documents/DDJ/DigitalGame/AnymalsMind/Anymal Mind/sprites/sP1BirdAnim
[21-01-2026 19:10:12] Checking sP1BirdAnim.yy
[21-01-2026 19:10:12] Parsing C:/Users/Utilizador/Documents/DDJ/DigitalGame/AnymalsMind/Anymal Mind/sprites/sP1BirdAnim/sP1BirdAnim.yy
[21-01-2026 19:10:12] Reading C:/Users/Utilizador/Documents/DDJ/DigitalGame/AnymalsMind/Anymal Mind/sprites/sP1BirdAnim/sP1BirdAnim.yy
[21-01-2026 19:10:12] Par: "folders/Sprites/Animals" at dir: "C:/Users/Utilizador/Documents/DDJ/DigitalGame/AnymalsMind/Anymal Mind/sprites/sP1BirdAnim/sP1BirdAnim.yy"
[21-01-2026 19:10:12] Found Sprite: sP1BirdAnim
[21-01-2026 19:10:12] Checking layers
[21-01-2026 19:10:12] Directory: C:/Users/Utilizador/Documents/DDJ/DigitalGame/AnymalsMind/Anymal Mind/sprites/sP1BirdAnim/layers
[21-01-2026 19:10:12] Checking 986e0acb-2220-4ee5-b2bb-a27eaac15d39.png
[21-01-2026 19:10:12] Checking 8f3c0040-badb-4c4c-8a7b-02eeb2336ce1.png
[21-01-2026 19:10:12] Checking 895f2e23-9aa6-41fd-abfe-b03da9aab4f2.png
[21-01-2026 19:10:12] Checking 723a56ff-4e14-45de-bf2c-0d5d5ffa90a5.png
[21-01-2026 19:10:12] Checking 68a64733-2d84-4a95-bf13-5752265f983d.png
[21-01-2026 19:10:12] Checking 5f6b28a9-acd6-4f0f-950b-0def145cd3e2.png
[21-01-2026 19:10:12] Checking 5a3d6732-3fc6-455b-b473-34a919687ea7.png
[21-01-2026 19:10:12] Checking 5142af98-deeb-472d-b086-9a079e9e65ef.png
[21-01-2026 19:10:12] Checking 382f4a1c-69ec-4a9c-9b3d-7a69f9cd91ff.png
[21-01-2026 19:10:12] Checking 357d5929-cf01-44dd-968c-37d044ec8508.png
[21-01-2026 19:10:12] Checking 02680de9-095e-4cdf-a238-443cd1fc950f.png
[21-01-2026 19:10:12] Checking 00aa5484-8009-4ea1-b254-553c4c140954.png
[21-01-2026 19:10:12] Current parent directory: C:/Users/Utilizador/Documents/DDJ/DigitalGame/AnymalsMind/Anymal Mind/sprites/sP1BirdAnim/layers
[21-01-2026 19:10:12] Checking 986e0acb-2220-4ee5-b2bb-a27eaac15d39
[21-01-2026 19:10:12] Directory: C:/Users/Utilizador/Documents/DDJ/DigitalGame/AnymalsMind/Anymal Mind/sprites/sP1BirdAnim/layers/986e0acb-2220-4ee5-b2bb-a27eaac15d39
[21-01-2026 19:10:12] Checking 8f3c0040-badb-4c4c-8a7b-02eeb2336ce1
[21-01-2026 19:10:12] Directory: C:/Users/Utilizador/Documents/DDJ/DigitalGame/AnymalsMind/Anymal Mind/sprites/sP1BirdAnim/layers/8f3c0040-badb-4c4c-8a7b-02eeb2336ce1
[21-01-2026 19:10:12] Checking 895f2e23-9aa6-41fd-abfe-b03da9aab4f2
[21-01-2026 19:10:12] Directory: C:/Users/Utilizador/Documents/DDJ/DigitalGame/AnymalsMind/Anymal Mind/sprites/sP1BirdAnim/layers/895f2e23-9aa6-41fd-abfe-b03da9aab4f2
[21-01-2026 19:10:12] Checking 723a56ff-4e14-45de-bf2c-0d5d5ffa90a5
[21-01-2026 19:10:12] Directory: C:/Users/Utilizador/Documents/DDJ/DigitalGame/AnymalsMind/Anymal Mind/sprites/sP1BirdAnim/layers/723a56ff-4e14-45de-bf2c-0d5d5ffa90a5
[21-01-2026 19:10:12] Checking 68a64733-2d84-4a95-bf13-5752265f983d
[21-01-2026 19:10:12] Directory: C:/Users/Utilizador/Documents/DDJ/DigitalGame/AnymalsMind/Anymal Mind/sprites/sP1BirdAnim/layers/68a64733-2d84-4a95-bf13-5752265f983d
[21-01-2026 19:10:12] Checking 5f6b28a9-acd6-4f0f-950b-0def145cd3e2
[21-01-2026 19:10:12] Directory: C:/Users/Utilizador/Documents/DDJ/DigitalGame/AnymalsMind/Anymal Mind/sprites/sP1BirdAnim/layers/5f6b28a9-acd6-4f0f-950b-0def145cd3e2
[21-01-2026 19:10:12] Checking 5a3d6732-3fc6-455b-b473-34a919687ea7
[21-01-2026 19:10:12] Directory: C:/Users/Utilizador/Documents/DDJ/DigitalGame/AnymalsMind/Anymal Mind/sprites/sP1BirdAnim/layers/5a3d6732-3fc6-455b-b473-34a919687ea7
[21-01-2026 19:10:12] Checking 5142af98-deeb-472d-b086-9a079e9e65ef
[21-01-2026 19:10:12] Directory: C:/Users/Utilizador/Documents/DDJ/DigitalGame/AnymalsMind/Anymal Mind/sprites/sP1BirdAnim/layers/5142af98-deeb-472d-b086-9a079e9e65ef
[21-01-2026 19:10:12] Checking 382f4a1c-69ec-4a9c-9b3d-7a69f9cd91ff
[21-01-2026 19:10:12] Directory: C:/Users/Utilizador/Documents/DDJ/DigitalGame/AnymalsMind/Anymal Mind/sprites/sP1BirdAnim/layers/382f4a1c-69ec-4a9c-9b3d-7a69f9cd91ff
[21-01-2026 19:10:12] Checking 357d5929-cf01-44dd-968c-37d044ec8508
[21-01-2026 19:10:12] Directory: C:/Users/Utilizador/Documents/DDJ/DigitalGame/AnymalsMind/Anymal Mind/sprites/sP1BirdAnim/layers/357d5929-cf01-44dd-968c-37d044ec8508
[21-01-2026 19:10:12] Checking 02680de9-095e-4cdf-a238-443cd1fc950f
[21-01-2026 19:10:12] Directory: C:/Users/Utilizador/Documents/DDJ/DigitalGame/AnymalsMind/Anymal Mind/sprites/sP1BirdAnim/layers/02680de9-095e-4cdf-a238-443cd1fc950f
[21-01-2026 19:10:12] Checking 00aa5484-8009-4ea1-b254-553c4c140954
[21-01-2026 19:10:12] Directory: C:/Users/Utilizador/Documents/DDJ/DigitalGame/AnymalsMind/Anymal Mind/sprites/sP1BirdAnim/layers/00aa5484-8009-4ea1-b254-553c4c140954
[21-01-2026 19:10:12] Current parent directory: C:/Users/Utilizador/Documents/DDJ/DigitalGame/AnymalsMind/Anymal Mind/sprites/sP1BirdAnim/layers/00aa5484-8009-4ea1-b254-553c4c140954
[21-01-2026 19:10:12] Checking 09f6aa0d-53bf-4d15-8bd4-d07378bac40e.png
[21-01-2026 19:10:12] Current parent directory: C:/Users/Utilizador/Documents/DDJ/DigitalGame/AnymalsMind/Anymal Mind/sprites/sP1BirdAnim/layers/02680de9-095e-4cdf-a238-443cd1fc950f
[21-01-2026 19:10:12] Checking 09f6aa0d-53bf-4d15-8bd4-d07378bac40e.png
[21-01-2026 19:10:12] Current parent directory: C:/Users/Utilizador/Documents/DDJ/DigitalGame/AnymalsMind/Anymal Mind/sprites/sP1BirdAnim/layers/357d5929-cf01-44dd-968c-37d044ec8508
[21-01-2026 19:10:12] Checking 09f6aa0d-53bf-4d15-8bd4-d07378bac40e.png
[21-01-2026 19:10:12] Current parent directory: C:/Users/Utilizador/Documents/DDJ/DigitalGame/AnymalsMind/Anymal Mind/sprites/sP1BirdAnim/layers/382f4a1c-69ec-4a9c-9b3d-7a69f9cd91ff
[21-01-2026 19:10:12] Checking 09f6aa0d-53bf-4d15-8bd4-d07378bac40e.png
[21-01-2026 19:10:12] Current parent directory: C:/Users/Utilizador/Documents/DDJ/DigitalGame/AnymalsMind/Anymal Mind/sprites/sP1BirdAnim/layers/5142af98-deeb-472d-b086-9a079e9e65ef
[21-01-2026 19:10:12] Checking 09f6aa0d-53bf-4d15-8bd4-d07378bac40e.png
[21-01-2026 19:10:12] Current parent directory: C:/Users/Utilizador/Documents/DDJ/DigitalGame/AnymalsMind/Anymal Mind/sprites/sP1BirdAnim/layers/5a3d6732-3fc6-455b-b473-34a919687ea7
[21-01-2026 19:10:12] Checking 09f6aa0d-53bf-4d15-8bd4-d07378bac40e.png
[21-01-2026 19:10:12] Current parent directory: C:/Users/Utilizador/Documents/DDJ/DigitalGame/AnymalsMind/Anymal Mind/sprites/sP1BirdAnim/layers/5f6b28a9-acd6-4f0f-950b-0def145cd3e2
[21-01-2026 19:10:12] Checking 09f6aa0d-53bf-4d15-8bd4-d07378bac40e.png
[21-01-2026 19:10:12] Current parent directory: C:/Users/Utilizador/Documents/DDJ/DigitalGame/AnymalsMind/Anymal Mind/sprites/sP1BirdAnim/layers/68a64733-2d84-4a95-bf13-5752265f983d
[21-01-2026 19:10:12] Checking 09f6aa0d-53bf-4d15-8bd4-d07378bac40e.png
[21-01-2026 19:10:12] Current parent directory: C:/Users/Utilizador/Documents/DDJ/DigitalGame/AnymalsMind/Anymal Mind/sprites/sP1BirdAnim/layers/723a56ff-4e14-45de-bf2c-0d5d5ffa90a5
[21-01-2026 19:10:12] Checking 09f6aa0d-53bf-4d15-8bd4-d07378bac40e.png
[21-01-2026 19:10:12] Current parent directory: C:/Users/Utilizador/Documents/DDJ/DigitalGame/AnymalsMind/Anymal Mind/sprites/sP1BirdAnim/layers/895f2e23-9aa6-41fd-abfe-b03da9aab4f2
[21-01-2026 19:10:12] Checking 09f6aa0d-53bf-4d15-8bd4-d07378bac40e.png
[21-01-2026 19:10:12] Current parent directory: C:/Users/Utilizador/Documents/DDJ/DigitalGame/AnymalsMind/Anymal Mind/sprites/sP1BirdAnim/layers/8f3c0040-badb-4c4c-8a7b-02eeb2336ce1
[21-01-2026 19:10:12] Checking 09f6aa0d-53bf-4d15-8bd4-d07378bac40e.png
[21-01-2026 19:10:12] Current parent directory: C:/Users/Utilizador/Documents/DDJ/DigitalGame/AnymalsMind/Anymal Mind/sprites/sP1BirdAnim/layers/986e0acb-2220-4ee5-b2bb-a27eaac15d39
[21-01-2026 19:10:12] Checking 09f6aa0d-53bf-4d15-8bd4-d07378bac40e.png
[21-01-2026 19:10:12] Current parent directory: C:/Users/Utilizador/Documents/DDJ/DigitalGame/AnymalsMind/Anymal Mind/sprites/sP1Blob
[21-01-2026 19:10:12] Checking sP1Blob.yy
[21-01-2026 19:10:12] Parsing C:/Users/Utilizador/Documents/DDJ/DigitalGame/AnymalsMind/Anymal Mind/sprites/sP1Blob/sP1Blob.yy
[21-01-2026 19:10:12] Reading C:/Users/Utilizador/Documents/DDJ/DigitalGame/AnymalsMind/Anymal Mind/sprites/sP1Blob/sP1Blob.yy
[21-01-2026 19:10:12] Par: "folders/Sprites/Animals/Blob" at dir: "C:/Users/Utilizador/Documents/DDJ/DigitalGame/AnymalsMind/Anymal Mind/sprites/sP1Blob/sP1Blob.yy"
[21-01-2026 19:10:12] Found Sprite: sP1Blob
[21-01-2026 19:10:12] Checking layers
[21-01-2026 19:10:12] Directory: C:/Users/Utilizador/Documents/DDJ/DigitalGame/AnymalsMind/Anymal Mind/sprites/sP1Blob/layers
[21-01-2026 19:10:12] Checking edfb2147-e10d-4ecd-b97e-cac91dbb3f86.png
[21-01-2026 19:10:12] Current parent directory: C:/Users/Utilizador/Documents/DDJ/DigitalGame/AnymalsMind/Anymal Mind/sprites/sP1Blob/layers
[21-01-2026 19:10:12] Checking edfb2147-e10d-4ecd-b97e-cac91dbb3f86
[21-01-2026 19:10:12] Directory: C:/Users/Utilizador/Documents/DDJ/DigitalGame/AnymalsMind/Anymal Mind/sprites/sP1Blob/layers/edfb2147-e10d-4ecd-b97e-cac91dbb3f86
[21-01-2026 19:10:12] Current parent directory: C:/Users/Utilizador/Documents/DDJ/DigitalGame/AnymalsMind/Anymal Mind/sprites/sP1Blob/layers/edfb2147-e10d-4ecd-b97e-cac91dbb3f86
[21-01-2026 19:10:12] Checking 77af31f6-dbfb-4b88-8f9e-04487574c2c4.png
[21-01-2026 19:10:12] Current parent directory: C:/Users/Utilizador/Documents/DDJ/DigitalGame/AnymalsMind/Anymal Mind/sprites/sP1BlobIdle
[21-01-2026 19:10:12] Checking sP1BlobIdle.yy
[21-01-2026 19:10:12] Parsing C:/Users/Utilizador/Documents/DDJ/DigitalGame/AnymalsMind/Anymal Mind/sprites/sP1BlobIdle/sP1BlobIdle.yy
[21-01-2026 19:10:12] Reading C:/Users/Utilizador/Documents/DDJ/DigitalGame/AnymalsMind/Anymal Mind/sprites/sP1BlobIdle/sP1BlobIdle.yy
[21-01-2026 19:10:12] Par: "folders/Sprites/Animals/Blob" at dir: "C:/Users/Utilizador/Documents/DDJ/DigitalGame/AnymalsMind/Anymal Mind/sprites/sP1BlobIdle/sP1BlobIdle.yy"
[21-01-2026 19:10:12] Found Sprite: sP1BlobIdle
[21-01-2026 19:10:12] Checking layers
[21-01-2026 19:10:12] Directory: C:/Users/Utilizador/Documents/DDJ/DigitalGame/AnymalsMind/Anymal Mind/sprites/sP1BlobIdle/layers
[21-01-2026 19:10:12] Checking e659a99e-8450-46c7-bed2-9e6bdc9640bc.png
[21-01-2026 19:10:12] Checking e457f7fd-f180-40b7-9a32-a19456d0a6d2.png
[21-01-2026 19:10:12] Checking 8557f6b2-4f22-4862-a3c6-068309779a38.png
[21-01-2026 19:10:12] Current parent directory: C:/Users/Utilizador/Documents/DDJ/DigitalGame/AnymalsMind/Anymal Mind/sprites/sP1BlobIdle/layers
[21-01-2026 19:10:12] Checking e659a99e-8450-46c7-bed2-9e6bdc9640bc
[21-01-2026 19:10:12] Directory: C:/Users/Utilizador/Documents/DDJ/DigitalGame/AnymalsMind/Anymal Mind/sprites/sP1BlobIdle/layers/e659a99e-8450-46c7-bed2-9e6bdc9640bc
[21-01-2026 19:10:12] Checking e457f7fd-f180-40b7-9a32-a19456d0a6d2
[21-01-2026 19:10:12] Directory: C:/Users/Utilizador/Documents/DDJ/DigitalGame/AnymalsMind/Anymal Mind/sprites/sP1BlobIdle/layers/e457f7fd-f180-40b7-9a32-a19456d0a6d2
[21-01-2026 19:10:12] Checking 8557f6b2-4f22-4862-a3c6-068309779a38
[21-01-2026 19:10:12] Directory: C:/Users/Utilizador/Documents/DDJ/DigitalGame/AnymalsMind/Anymal Mind/sprites/sP1BlobIdle/layers/8557f6b2-4f22-4862-a3c6-068309779a38
[21-01-2026 19:10:12] Current parent directory: C:/Users/Utilizador/Documents/DDJ/DigitalGame/AnymalsMind/Anymal Mind/sprites/sP1BlobIdle/layers/8557f6b2-4f22-4862-a3c6-068309779a38
[21-01-2026 19:10:12] Checking dc07cb43-2980-4bc0-bb33-561c5ab34f2b.png
[21-01-2026 19:10:12] Current parent directory: C:/Users/Utilizador/Documents/DDJ/DigitalGame/AnymalsMind/Anymal Mind/sprites/sP1BlobIdle/layers/e457f7fd-f180-40b7-9a32-a19456d0a6d2
[21-01-2026 19:10:12] Checking dc07cb43-2980-4bc0-bb33-561c5ab34f2b.png
[21-01-2026 19:10:12] Current parent directory: C:/Users/Utilizador/Documents/DDJ/DigitalGame/AnymalsMind/Anymal Mind/sprites/sP1BlobIdle/layers/e659a99e-8450-46c7-bed2-9e6bdc9640bc
[21-01-2026 19:10:12] Checking dc07cb43-2980-4bc0-bb33-561c5ab34f2b.png
[21-01-2026 19:10:12] Current parent directory: C:/Users/Utilizador/Documents/DDJ/DigitalGame/AnymalsMind/Anymal Mind/sprites/sP1BlobJumping
[21-01-2026 19:10:12] Checking sP1BlobJumping.yy
[21-01-2026 19:10:12] Parsing C:/Users/Utilizador/Documents/DDJ/DigitalGame/AnymalsMind/Anymal Mind/sprites/sP1BlobJumping/sP1BlobJumping.yy
[21-01-2026 19:10:12] Reading C:/Users/Utilizador/Documents/DDJ/DigitalGame/AnymalsMind/Anymal Mind/sprites/sP1BlobJumping/sP1BlobJumping.yy
[21-01-2026 19:10:12] Par: "folders/Sprites/Animals/Blob" at dir: "C:/Users/Utilizador/Documents/DDJ/DigitalGame/AnymalsMind/Anymal Mind/sprites/sP1BlobJumping/sP1BlobJumping.yy"
[21-01-2026 19:10:12] Found Sprite: sP1BlobJumping
[21-01-2026 19:10:12] Checking layers
[21-01-2026 19:10:12] Directory: C:/Users/Utilizador/Documents/DDJ/DigitalGame/AnymalsMind/Anymal Mind/sprites/sP1BlobJumping/layers
[21-01-2026 19:10:12] Checking f8368d2e-3bae-4bc8-b082-f767b889ed0f.png
[21-01-2026 19:10:12] Checking f5ca4f0e-ed11-4b13-90ee-b295211b7c10.png
[21-01-2026 19:10:12] Checking f55fd0b1-cc47-4d92-8c49-2fa5e97e7002.png
[21-01-2026 19:10:12] Checking 77567386-ab4b-4ce3-ba3d-c26bdab42ae2.png
[21-01-2026 19:10:12] Checking 70a00cf1-8def-4479-92f9-993bc69cd161.png
[21-01-2026 19:10:12] Checking 6227ee54-7235-48b7-b701-99e2f5875239.png
[21-01-2026 19:10:12] Current parent directory: C:/Users/Utilizador/Documents/DDJ/DigitalGame/AnymalsMind/Anymal Mind/sprites/sP1BlobJumping/layers
[21-01-2026 19:10:12] Checking f8368d2e-3bae-4bc8-b082-f767b889ed0f
[21-01-2026 19:10:12] Directory: C:/Users/Utilizador/Documents/DDJ/DigitalGame/AnymalsMind/Anymal Mind/sprites/sP1BlobJumping/layers/f8368d2e-3bae-4bc8-b082-f767b889ed0f
[21-01-2026 19:10:12] Checking f5ca4f0e-ed11-4b13-90ee-b295211b7c10
[21-01-2026 19:10:12] Directory: C:/Users/Utilizador/Documents/DDJ/DigitalGame/AnymalsMind/Anymal Mind/sprites/sP1BlobJumping/layers/f5ca4f0e-ed11-4b13-90ee-b295211b7c10
[21-01-2026 19:10:12] Checking f55fd0b1-cc47-4d92-8c49-2fa5e97e7002
[21-01-2026 19:10:12] Directory: C:/Users/Utilizador/Documents/DDJ/DigitalGame/AnymalsMind/Anymal Mind/sprites/sP1BlobJumping/layers/f55fd0b1-cc47-4d92-8c49-2fa5e97e7002
[21-01-2026 19:10:12] Checking 77567386-ab4b-4ce3-ba3d-c26bdab42ae2
[21-01-2026 19:10:12] Directory: C:/Users/Utilizador/Documents/DDJ/DigitalGame/AnymalsMind/Anymal Mind/sprites/sP1BlobJumping/layers/77567386-ab4b-4ce3-ba3d-c26bdab42ae2
[21-01-2026 19:10:12] Checking 70a00cf1-8def-4479-92f9-993bc69cd161
[21-01-2026 19:10:12] Directory: C:/Users/Utilizador/Documents/DDJ/DigitalGame/AnymalsMind/Anymal Mind/sprites/sP1BlobJumping/layers/70a00cf1-8def-4479-92f9-993bc69cd161
[21-01-2026 19:10:12] Checking 6227ee54-7235-48b7-b701-99e2f5875239
[21-01-2026 19:10:12] Directory: C:/Users/Utilizador/Documents/DDJ/DigitalGame/AnymalsMind/Anymal Mind/sprites/sP1BlobJumping/layers/6227ee54-7235-48b7-b701-99e2f5875239
[21-01-2026 19:10:12] Current parent directory: C:/Users/Utilizador/Documents/DDJ/DigitalGame/AnymalsMind/Anymal Mind/sprites/sP1BlobJumping/layers/6227ee54-7235-48b7-b701-99e2f5875239
[21-01-2026 19:10:12] Checking 0ce20c65-b503-47f7-b0f0-d546169eaeb0.png
[21-01-2026 19:10:12] Current parent directory: C:/Users/Utilizador/Documents/DDJ/DigitalGame/AnymalsMind/Anymal Mind/sprites/sP1BlobJumping/layers/70a00cf1-8def-4479-92f9-993bc69cd161
[21-01-2026 19:10:12] Checking 0ce20c65-b503-47f7-b0f0-d546169eaeb0.png
[21-01-2026 19:10:12] Current parent directory: C:/Users/Utilizador/Documents/DDJ/DigitalGame/AnymalsMind/Anymal Mind/sprites/sP1BlobJumping/layers/77567386-ab4b-4ce3-ba3d-c26bdab42ae2
[21-01-2026 19:10:12] Checking 0ce20c65-b503-47f7-b0f0-d546169eaeb0.png
[21-01-2026 19:10:12] Current parent directory: C:/Users/Utilizador/Documents/DDJ/DigitalGame/AnymalsMind/Anymal Mind/sprites/sP1BlobJumping/layers/f55fd0b1-cc47-4d92-8c49-2fa5e97e7002
[21-01-2026 19:10:12] Checking 0ce20c65-b503-47f7-b0f0-d546169eaeb0.png
[21-01-2026 19:10:12] Current parent directory: C:/Users/Utilizador/Documents/DDJ/DigitalGame/AnymalsMind/Anymal Mind/sprites/sP1BlobJumping/layers/f5ca4f0e-ed11-4b13-90ee-b295211b7c10
[21-01-2026 19:10:12] Checking 0ce20c65-b503-47f7-b0f0-d546169eaeb0.png
[21-01-2026 19:10:12] Current parent directory: C:/Users/Utilizador/Documents/DDJ/DigitalGame/AnymalsMind/Anymal Mind/sprites/sP1BlobJumping/layers/f8368d2e-3bae-4bc8-b082-f767b889ed0f
[21-01-2026 19:10:12] Checking 0ce20c65-b503-47f7-b0f0-d546169eaeb0.png
[21-01-2026 19:10:12] Current parent directory: C:/Users/Utilizador/Documents/DDJ/DigitalGame/AnymalsMind/Anymal Mind/sprites/sP1BlobRunning
[21-01-2026 19:10:12] Checking sP1BlobRunning.yy
[21-01-2026 19:10:12] Parsing C:/Users/Utilizador/Documents/DDJ/DigitalGame/AnymalsMind/Anymal Mind/sprites/sP1BlobRunning/sP1BlobRunning.yy
[21-01-2026 19:10:12] Reading C:/Users/Utilizador/Documents/DDJ/DigitalGame/AnymalsMind/Anymal Mind/sprites/sP1BlobRunning/sP1BlobRunning.yy
[21-01-2026 19:10:12] Par: "folders/Sprites/Animals/Blob" at dir: "C:/Users/Utilizador/Documents/DDJ/DigitalGame/AnymalsMind/Anymal Mind/sprites/sP1BlobRunning/sP1BlobRunning.yy"
[21-01-2026 19:10:12] Found Sprite: sP1BlobRunning
[21-01-2026 19:10:12] Checking layers
[21-01-2026 19:10:12] Directory: C:/Users/Utilizador/Documents/DDJ/DigitalGame/AnymalsMind/Anymal Mind/sprites/sP1BlobRunning/layers
[21-01-2026 19:10:12] Checking cb09ce3d-eabe-4c33-a5bb-cbd28b69940c.png
[21-01-2026 19:10:12] Checking 9feae720-d5c3-4d4c-9ee0-70bf488a810d.png
[21-01-2026 19:10:12] Checking 9dddaed1-51c3-47f1-b485-c0d07ea1652f.png
[21-01-2026 19:10:12] Checking 7907cc3d-3c4c-4c42-9b78-d9f9b3f4c901.png
[21-01-2026 19:10:12] Checking 35a41657-db8b-4c7d-95d2-b1a97e1ab8fb.png
[21-01-2026 19:10:12] Checking 327daf21-8b13-43a5-a923-373e4171b801.png
[21-01-2026 19:10:12] Checking 2beafcb4-028f-427c-94fb-2495258eac8f.png
[21-01-2026 19:10:12] Checking 032baaeb-f5df-4836-b671-50bff483798b.png
[21-01-2026 19:10:12] Current parent directory: C:/Users/Utilizador/Documents/DDJ/DigitalGame/AnymalsMind/Anymal Mind/sprites/sP1BlobRunning/layers
[21-01-2026 19:10:12] Checking cb09ce3d-eabe-4c33-a5bb-cbd28b69940c
[21-01-2026 19:10:12] Directory: C:/Users/Utilizador/Documents/DDJ/DigitalGame/AnymalsMind/Anymal Mind/sprites/sP1BlobRunning/layers/cb09ce3d-eabe-4c33-a5bb-cbd28b69940c
[21-01-2026 19:10:12] Checking 9feae720-d5c3-4d4c-9ee0-70bf488a810d
[21-01-2026 19:10:12] Directory: C:/Users/Utilizador/Documents/DDJ/DigitalGame/AnymalsMind/Anymal Mind/sprites/sP1BlobRunning/layers/9feae720-d5c3-4d4c-9ee0-70bf488a810d
[21-01-2026 19:10:12] Checking 9dddaed1-51c3-47f1-b485-c0d07ea1652f
[21-01-2026 19:10:12] Directory: C:/Users/Utilizador/Documents/DDJ/DigitalGame/AnymalsMind/Anymal Mind/sprites/sP1BlobRunning/layers/9dddaed1-51c3-47f1-b485-c0d07ea1652f
[21-01-2026 19:10:12] Checking 7907cc3d-3c4c-4c42-9b78-d9f9b3f4c901
[21-01-2026 19:10:12] Directory: C:/Users/Utilizador/Documents/DDJ/DigitalGame/AnymalsMind/Anymal Mind/sprites/sP1BlobRunning/layers/7907cc3d-3c4c-4c42-9b78-d9f9b3f4c901
[21-01-2026 19:10:12] Checking 35a41657-db8b-4c7d-95d2-b1a97e1ab8fb
[21-01-2026 19:10:12] Directory: C:/Users/Utilizador/Documents/DDJ/DigitalGame/AnymalsMind/Anymal Mind/sprites/sP1BlobRunning/layers/35a41657-db8b-4c7d-95d2-b1a97e1ab8fb
[21-01-2026 19:10:12] Checking 327daf21-8b13-43a5-a923-373e4171b801
[21-01-2026 19:10:12] Directory: C:/Users/Utilizador/Documents/DDJ/DigitalGame/AnymalsMind/Anymal Mind/sprites/sP1BlobRunning/layers/327daf21-8b13-43a5-a923-373e4171b801
[21-01-2026 19:10:12] Checking 2beafcb4-028f-427c-94fb-2495258eac8f
[21-01-2026 19:10:12] Directory: C:/Users/Utilizador/Documents/DDJ/DigitalGame/AnymalsMind/Anymal Mind/sprites/sP1BlobRunning/layers/2beafcb4-028f-427c-94fb-2495258eac8f
[21-01-2026 19:10:12] Checking 032baaeb-f5df-4836-b671-50bff483798b
[21-01-2026 19:10:12] Directory: C:/Users/Utilizador/Documents/DDJ/DigitalGame/AnymalsMind/Anymal Mind/sprites/sP1BlobRunning/layers/032baaeb-f5df-4836-b671-50bff483798b
[21-01-2026 19:10:12] Current parent directory: C:/Users/Utilizador/Documents/DDJ/DigitalGame/AnymalsMind/Anymal Mind/sprites/sP1BlobRunning/layers/032baaeb-f5df-4836-b671-50bff483798b
[21-01-2026 19:10:12] Checking b376fdb9-a0ab-4ae4-99a7-08667ecfeda9.png
[21-01-2026 19:10:12] Current parent directory: C:/Users/Utilizador/Documents/DDJ/DigitalGame/AnymalsMind/Anymal Mind/sprites/sP1BlobRunning/layers/2beafcb4-028f-427c-94fb-2495258eac8f
[21-01-2026 19:10:12] Checking b376fdb9-a0ab-4ae4-99a7-08667ecfeda9.png
[21-01-2026 19:10:12] Current parent directory: C:/Users/Utilizador/Documents/DDJ/DigitalGame/AnymalsMind/Anymal Mind/sprites/sP1BlobRunning/layers/327daf21-8b13-43a5-a923-373e4171b801
[21-01-2026 19:10:12] Checking b376fdb9-a0ab-4ae4-99a7-08667ecfeda9.png
[21-01-2026 19:10:12] Current parent directory: C:/Users/Utilizador/Documents/DDJ/DigitalGame/AnymalsMind/Anymal Mind/sprites/sP1BlobRunning/layers/35a41657-db8b-4c7d-95d2-b1a97e1ab8fb
[21-01-2026 19:10:12] Checking b376fdb9-a0ab-4ae4-99a7-08667ecfeda9.png
[21-01-2026 19:10:12] Current parent directory: C:/Users/Utilizador/Documents/DDJ/DigitalGame/AnymalsMind/Anymal Mind/sprites/sP1BlobRunning/layers/7907cc3d-3c4c-4c42-9b78-d9f9b3f4c901
[21-01-2026 19:10:12] Checking b376fdb9-a0ab-4ae4-99a7-08667ecfeda9.png
[21-01-2026 19:10:12] Current parent directory: C:/Users/Utilizador/Documents/DDJ/DigitalGame/AnymalsMind/Anymal Mind/sprites/sP1BlobRunning/layers/9dddaed1-51c3-47f1-b485-c0d07ea1652f
[21-01-2026 19:10:12] Checking b376fdb9-a0ab-4ae4-99a7-08667ecfeda9.png
[21-01-2026 19:10:12] Current parent directory: C:/Users/Utilizador/Documents/DDJ/DigitalGame/AnymalsMind/Anymal Mind/sprites/sP1BlobRunning/layers/9feae720-d5c3-4d4c-9ee0-70bf488a810d
[21-01-2026 19:10:12] Checking b376fdb9-a0ab-4ae4-99a7-08667ecfeda9.png
[21-01-2026 19:10:12] Current parent directory: C:/Users/Utilizador/Documents/DDJ/DigitalGame/AnymalsMind/Anymal Mind/sprites/sP1BlobRunning/layers/cb09ce3d-eabe-4c33-a5bb-cbd28b69940c
[21-01-2026 19:10:12] Checking b376fdb9-a0ab-4ae4-99a7-08667ecfeda9.png
[21-01-2026 19:10:12] Current parent directory: C:/Users/Utilizador/Documents/DDJ/DigitalGame/AnymalsMind/Anymal Mind/sprites/sP1BlobSwimming
[21-01-2026 19:10:12] Checking sP1BlobSwimming.yy
[21-01-2026 19:10:12] Parsing C:/Users/Utilizador/Documents/DDJ/DigitalGame/AnymalsMind/Anymal Mind/sprites/sP1BlobSwimming/sP1BlobSwimming.yy
[21-01-2026 19:10:12] Reading C:/Users/Utilizador/Documents/DDJ/DigitalGame/AnymalsMind/Anymal Mind/sprites/sP1BlobSwimming/sP1BlobSwimming.yy
[21-01-2026 19:10:12] Par: "folders/Sprites/Animals/Blob" at dir: "C:/Users/Utilizador/Documents/DDJ/DigitalGame/AnymalsMind/Anymal Mind/sprites/sP1BlobSwimming/sP1BlobSwimming.yy"
[21-01-2026 19:10:12] Found Sprite: sP1BlobSwimming
[21-01-2026 19:10:12] Checking layers
[21-01-2026 19:10:12] Directory: C:/Users/Utilizador/Documents/DDJ/DigitalGame/AnymalsMind/Anymal Mind/sprites/sP1BlobSwimming/layers
[21-01-2026 19:10:12] Checking 9b0f6b1d-20e3-47ae-9376-d54aed766a9c.png
[21-01-2026 19:10:12] Checking 7acfd7a7-2182-4e37-8ecf-d103c621ff87.png
[21-01-2026 19:10:12] Checking 58e0d58f-9d4e-46c4-ba23-da38fee80c9b.png
[21-01-2026 19:10:12] Checking 15216228-07cc-48e4-b5c0-1c4263a6f88b.png
[21-01-2026 19:10:12] Current parent directory: C:/Users/Utilizador/Documents/DDJ/DigitalGame/AnymalsMind/Anymal Mind/sprites/sP1BlobSwimming/layers
[21-01-2026 19:10:12] Checking 9b0f6b1d-20e3-47ae-9376-d54aed766a9c
[21-01-2026 19:10:12] Directory: C:/Users/Utilizador/Documents/DDJ/DigitalGame/AnymalsMind/Anymal Mind/sprites/sP1BlobSwimming/layers/9b0f6b1d-20e3-47ae-9376-d54aed766a9c
[21-01-2026 19:10:12] Checking 7acfd7a7-2182-4e37-8ecf-d103c621ff87
[21-01-2026 19:10:12] Directory: C:/Users/Utilizador/Documents/DDJ/DigitalGame/AnymalsMind/Anymal Mind/sprites/sP1BlobSwimming/layers/7acfd7a7-2182-4e37-8ecf-d103c621ff87
[21-01-2026 19:10:12] Checking 58e0d58f-9d4e-46c4-ba23-da38fee80c9b
[21-01-2026 19:10:12] Directory: C:/Users/Utilizador/Documents/DDJ/DigitalGame/AnymalsMind/Anymal Mind/sprites/sP1BlobSwimming/layers/58e0d58f-9d4e-46c4-ba23-da38fee80c9b
[21-01-2026 19:10:12] Checking 15216228-07cc-48e4-b5c0-1c4263a6f88b
[21-01-2026 19:10:12] Directory: C:/Users/Utilizador/Documents/DDJ/DigitalGame/AnymalsMind/Anymal Mind/sprites/sP1BlobSwimming/layers/15216228-07cc-48e4-b5c0-1c4263a6f88b
[21-01-2026 19:10:12] Current parent directory: C:/Users/Utilizador/Documents/DDJ/DigitalGame/AnymalsMind/Anymal Mind/sprites/sP1BlobSwimming/layers/15216228-07cc-48e4-b5c0-1c4263a6f88b
[21-01-2026 19:10:12] Checking cc714c24-e17a-4b2b-8aca-746977f6be75.png
[21-01-2026 19:10:12] Current parent directory: C:/Users/Utilizador/Documents/DDJ/DigitalGame/AnymalsMind/Anymal Mind/sprites/sP1BlobSwimming/layers/58e0d58f-9d4e-46c4-ba23-da38fee80c9b
[21-01-2026 19:10:12] Checking cc714c24-e17a-4b2b-8aca-746977f6be75.png
[21-01-2026 19:10:12] Current parent directory: C:/Users/Utilizador/Documents/DDJ/DigitalGame/AnymalsMind/Anymal Mind/sprites/sP1BlobSwimming/layers/7acfd7a7-2182-4e37-8ecf-d103c621ff87
[21-01-2026 19:10:12] Checking cc714c24-e17a-4b2b-8aca-746977f6be75.png
[21-01-2026 19:10:12] Current parent directory: C:/Users/Utilizador/Documents/DDJ/DigitalGame/AnymalsMind/Anymal Mind/sprites/sP1BlobSwimming/layers/9b0f6b1d-20e3-47ae-9376-d54aed766a9c
[21-01-2026 19:10:12] Checking cc714c24-e17a-4b2b-8aca-746977f6be75.png
[21-01-2026 19:10:12] Current parent directory: C:/Users/Utilizador/Documents/DDJ/DigitalGame/AnymalsMind/Anymal Mind/sprites/sP1Cat
[21-01-2026 19:10:12] Checking sP1Cat.yy
[21-01-2026 19:10:12] Parsing C:/Users/Utilizador/Documents/DDJ/DigitalGame/AnymalsMind/Anymal Mind/sprites/sP1Cat/sP1Cat.yy
[21-01-2026 19:10:12] Reading C:/Users/Utilizador/Documents/DDJ/DigitalGame/AnymalsMind/Anymal Mind/sprites/sP1Cat/sP1Cat.yy
[21-01-2026 19:10:12] Par: "folders/Sprites/Animals" at dir: "C:/Users/Utilizador/Documents/DDJ/DigitalGame/AnymalsMind/Anymal Mind/sprites/sP1Cat/sP1Cat.yy"
[21-01-2026 19:10:12] Found Sprite: sP1Cat
[21-01-2026 19:10:12] Checking layers
[21-01-2026 19:10:12] Directory: C:/Users/Utilizador/Documents/DDJ/DigitalGame/AnymalsMind/Anymal Mind/sprites/sP1Cat/layers
[21-01-2026 19:10:12] Checking df7e35ff-0d57-473d-a293-244af8229198.png
[21-01-2026 19:10:12] Current parent directory: C:/Users/Utilizador/Documents/DDJ/DigitalGame/AnymalsMind/Anymal Mind/sprites/sP1Cat/layers
[21-01-2026 19:10:12] Checking df7e35ff-0d57-473d-a293-244af8229198
[21-01-2026 19:10:12] Directory: C:/Users/Utilizador/Documents/DDJ/DigitalGame/AnymalsMind/Anymal Mind/sprites/sP1Cat/layers/df7e35ff-0d57-473d-a293-244af8229198
[21-01-2026 19:10:12] Current parent directory: C:/Users/Utilizador/Documents/DDJ/DigitalGame/AnymalsMind/Anymal Mind/sprites/sP1Cat/layers/df7e35ff-0d57-473d-a293-244af8229198
[21-01-2026 19:10:12] Checking c5d24b5d-25aa-4e6b-89e8-0b5a41ba5ca6.png
[21-01-2026 19:10:12] Current parent directory: C:/Users/Utilizador/Documents/DDJ/DigitalGame/AnymalsMind/Anymal Mind/sprites/sP1Crab
[21-01-2026 19:10:12] Checking sP1Crab.yy
[21-01-2026 19:10:12] Parsing C:/Users/Utilizador/Documents/DDJ/DigitalGame/AnymalsMind/Anymal Mind/sprites/sP1Crab/sP1Crab.yy
[21-01-2026 19:10:12] Reading C:/Users/Utilizador/Documents/DDJ/DigitalGame/AnymalsMind/Anymal Mind/sprites/sP1Crab/sP1Crab.yy
[21-01-2026 19:10:12] Par: "folders/Sprites/Animals" at dir: "C:/Users/Utilizador/Documents/DDJ/DigitalGame/AnymalsMind/Anymal Mind/sprites/sP1Crab/sP1Crab.yy"
[21-01-2026 19:10:12] Found Sprite: sP1Crab
[21-01-2026 19:10:12] Checking layers
[21-01-2026 19:10:12] Directory: C:/Users/Utilizador/Documents/DDJ/DigitalGame/AnymalsMind/Anymal Mind/sprites/sP1Crab/layers
[21-01-2026 19:10:12] Checking c9f2415b-3d58-4b19-9842-0a66a78541c6.png
[21-01-2026 19:10:12] Current parent directory: C:/Users/Utilizador/Documents/DDJ/DigitalGame/AnymalsMind/Anymal Mind/sprites/sP1Crab/layers
[21-01-2026 19:10:12] Checking c9f2415b-3d58-4b19-9842-0a66a78541c6
[21-01-2026 19:10:12] Directory: C:/Users/Utilizador/Documents/DDJ/DigitalGame/AnymalsMind/Anymal Mind/sprites/sP1Crab/layers/c9f2415b-3d58-4b19-9842-0a66a78541c6
[21-01-2026 19:10:12] Current parent directory: C:/Users/Utilizador/Documents/DDJ/DigitalGame/AnymalsMind/Anymal Mind/sprites/sP1Crab/layers/c9f2415b-3d58-4b19-9842-0a66a78541c6
[21-01-2026 19:10:12] Checking bec3b5da-64e5-40aa-a9d1-b03605368020.png
[21-01-2026 19:10:12] Current parent directory: C:/Users/Utilizador/Documents/DDJ/DigitalGame/AnymalsMind/Anymal Mind/sprites/sP1Frog
[21-01-2026 19:10:12] Checking sP1Frog.yy
[21-01-2026 19:10:12] Parsing C:/Users/Utilizador/Documents/DDJ/DigitalGame/AnymalsMind/Anymal Mind/sprites/sP1Frog/sP1Frog.yy
[21-01-2026 19:10:12] Reading C:/Users/Utilizador/Documents/DDJ/DigitalGame/AnymalsMind/Anymal Mind/sprites/sP1Frog/sP1Frog.yy
[21-01-2026 19:10:12] Par: "folders/Sprites/Animals/Frog" at dir: "C:/Users/Utilizador/Documents/DDJ/DigitalGame/AnymalsMind/Anymal Mind/sprites/sP1Frog/sP1Frog.yy"
[21-01-2026 19:10:12] Found Sprite: sP1Frog
[21-01-2026 19:10:12] Checking layers
[21-01-2026 19:10:12] Directory: C:/Users/Utilizador/Documents/DDJ/DigitalGame/AnymalsMind/Anymal Mind/sprites/sP1Frog/layers
[21-01-2026 19:10:12] Checking f34cc10e-7bf6-4027-9c80-c927152c15db.png
[21-01-2026 19:10:12] Checking f2d03258-3e01-4974-b98a-c3d205923450.png
[21-01-2026 19:10:12] Checking d8e74efd-2393-42d3-b589-39964819bd71.png
[21-01-2026 19:10:12] Checking b46f90fd-ee91-4a01-b9f2-6d05cf71144b.png
[21-01-2026 19:10:12] Checking 8f9f0321-8065-41eb-ad25-6873c9e287b4.png
[21-01-2026 19:10:12] Checking 77eaa578-2a46-430f-bf37-738caf0d7006.png
[21-01-2026 19:10:12] Checking 12d94e52-d40a-4033-aca8-cddf9298db3f.png
[21-01-2026 19:10:12] Checking 0cfc0584-07fe-4809-abf2-162e6ff7e487.png
[21-01-2026 19:10:12] Current parent directory: C:/Users/Utilizador/Documents/DDJ/DigitalGame/AnymalsMind/Anymal Mind/sprites/sP1Frog/layers
[21-01-2026 19:10:12] Checking f34cc10e-7bf6-4027-9c80-c927152c15db
[21-01-2026 19:10:12] Directory: C:/Users/Utilizador/Documents/DDJ/DigitalGame/AnymalsMind/Anymal Mind/sprites/sP1Frog/layers/f34cc10e-7bf6-4027-9c80-c927152c15db
[21-01-2026 19:10:12] Checking f2d03258-3e01-4974-b98a-c3d205923450
[21-01-2026 19:10:12] Directory: C:/Users/Utilizador/Documents/DDJ/DigitalGame/AnymalsMind/Anymal Mind/sprites/sP1Frog/layers/f2d03258-3e01-4974-b98a-c3d205923450
[21-01-2026 19:10:12] Checking d8e74efd-2393-42d3-b589-39964819bd71
[21-01-2026 19:10:12] Directory: C:/Users/Utilizador/Documents/DDJ/DigitalGame/AnymalsMind/Anymal Mind/sprites/sP1Frog/layers/d8e74efd-2393-42d3-b589-39964819bd71
[21-01-2026 19:10:12] Checking b46f90fd-ee91-4a01-b9f2-6d05cf71144b
[21-01-2026 19:10:12] Directory: C:/Users/Utilizador/Documents/DDJ/DigitalGame/AnymalsMind/Anymal Mind/sprites/sP1Frog/layers/b46f90fd-ee91-4a01-b9f2-6d05cf71144b
[21-01-2026 19:10:12] Checking 8f9f0321-8065-41eb-ad25-6873c9e287b4
[21-01-2026 19:10:12] Directory: C:/Users/Utilizador/Documents/DDJ/DigitalGame/AnymalsMind/Anymal Mind/sprites/sP1Frog/layers/8f9f0321-8065-41eb-ad25-6873c9e287b4
[21-01-2026 19:10:12] Checking 77eaa578-2a46-430f-bf37-738caf0d7006
[21-01-2026 19:10:12] Directory: C:/Users/Utilizador/Documents/DDJ/DigitalGame/AnymalsMind/Anymal Mind/sprites/sP1Frog/layers/77eaa578-2a46-430f-bf37-738caf0d7006
[21-01-2026 19:10:12] Checking 12d94e52-d40a-4033-aca8-cddf9298db3f
[21-01-2026 19:10:12] Directory: C:/Users/Utilizador/Documents/DDJ/DigitalGame/AnymalsMind/Anymal Mind/sprites/sP1Frog/layers/12d94e52-d40a-4033-aca8-cddf9298db3f
[21-01-2026 19:10:12] Checking 0cfc0584-07fe-4809-abf2-162e6ff7e487
[21-01-2026 19:10:12] Directory: C:/Users/Utilizador/Documents/DDJ/DigitalGame/AnymalsMind/Anymal Mind/sprites/sP1Frog/layers/0cfc0584-07fe-4809-abf2-162e6ff7e487
[21-01-2026 19:10:12] Current parent directory: C:/Users/Utilizador/Documents/DDJ/DigitalGame/AnymalsMind/Anymal Mind/sprites/sP1Frog/layers/0cfc0584-07fe-4809-abf2-162e6ff7e487
[21-01-2026 19:10:12] Checking 6312a3b2-8783-448d-92df-250b5c35a9ae.png
[21-01-2026 19:10:12] Current parent directory: C:/Users/Utilizador/Documents/DDJ/DigitalGame/AnymalsMind/Anymal Mind/sprites/sP1Frog/layers/12d94e52-d40a-4033-aca8-cddf9298db3f
[21-01-2026 19:10:12] Checking 6312a3b2-8783-448d-92df-250b5c35a9ae.png
[21-01-2026 19:10:12] Current parent directory: C:/Users/Utilizador/Documents/DDJ/DigitalGame/AnymalsMind/Anymal Mind/sprites/sP1Frog/layers/77eaa578-2a46-430f-bf37-738caf0d7006
[21-01-2026 19:10:12] Checking 6312a3b2-8783-448d-92df-250b5c35a9ae.png
[21-01-2026 19:10:12] Current parent directory: C:/Users/Utilizador/Documents/DDJ/DigitalGame/AnymalsMind/Anymal Mind/sprites/sP1Frog/layers/8f9f0321-8065-41eb-ad25-6873c9e287b4
[21-01-2026 19:10:12] Checking 6312a3b2-8783-448d-92df-250b5c35a9ae.png
[21-01-2026 19:10:12] Current parent directory: C:/Users/Utilizador/Documents/DDJ/DigitalGame/AnymalsMind/Anymal Mind/sprites/sP1Frog/layers/b46f90fd-ee91-4a01-b9f2-6d05cf71144b
[21-01-2026 19:10:12] Checking 6312a3b2-8783-448d-92df-250b5c35a9ae.png
[21-01-2026 19:10:12] Current parent directory: C:/Users/Utilizador/Documents/DDJ/DigitalGame/AnymalsMind/Anymal Mind/sprites/sP1Frog/layers/d8e74efd-2393-42d3-b589-39964819bd71
[21-01-2026 19:10:12] Checking 6312a3b2-8783-448d-92df-250b5c35a9ae.png
[21-01-2026 19:10:12] Current parent directory: C:/Users/Utilizador/Documents/DDJ/DigitalGame/AnymalsMind/Anymal Mind/sprites/sP1Frog/layers/f2d03258-3e01-4974-b98a-c3d205923450
[21-01-2026 19:10:12] Checking 6312a3b2-8783-448d-92df-250b5c35a9ae.png
[21-01-2026 19:10:12] Current parent directory: C:/Users/Utilizador/Documents/DDJ/DigitalGame/AnymalsMind/Anymal Mind/sprites/sP1Frog/layers/f34cc10e-7bf6-4027-9c80-c927152c15db
[21-01-2026 19:10:12] Checking 6312a3b2-8783-448d-92df-250b5c35a9ae.png
[21-01-2026 19:10:12] Current parent directory: C:/Users/Utilizador/Documents/DDJ/DigitalGame/AnymalsMind/Anymal Mind/sprites/sP1FrogCroak
[21-01-2026 19:10:12] Checking sP1FrogCroak.yy
[21-01-2026 19:10:12] Parsing C:/Users/Utilizador/Documents/DDJ/DigitalGame/AnymalsMind/Anymal Mind/sprites/sP1FrogCroak/sP1FrogCroak.yy
[21-01-2026 19:10:12] Reading C:/Users/Utilizador/Documents/DDJ/DigitalGame/AnymalsMind/Anymal Mind/sprites/sP1FrogCroak/sP1FrogCroak.yy
[21-01-2026 19:10:12] Par: "folders/Sprites/Animals/Frog" at dir: "C:/Users/Utilizador/Documents/DDJ/DigitalGame/AnymalsMind/Anymal Mind/sprites/sP1FrogCroak/sP1FrogCroak.yy"
[21-01-2026 19:10:12] Found Sprite: sP1FrogCroak
[21-01-2026 19:10:12] Checking layers
[21-01-2026 19:10:12] Directory: C:/Users/Utilizador/Documents/DDJ/DigitalGame/AnymalsMind/Anymal Mind/sprites/sP1FrogCroak/layers
[21-01-2026 19:10:12] Checking ab60d849-f54b-40a9-9be0-b56ea943b9cf.png
[21-01-2026 19:10:12] Checking a21f3c8f-8988-4da2-b5e6-7b1e5d75eb9e.png
[21-01-2026 19:10:12] Checking 3ca6b247-d7eb-4848-b33b-62d509888ffe.png
[21-01-2026 19:10:12] Checking 1723118b-6c21-4549-8abc-e3e8f5a1625c.png
[21-01-2026 19:10:12] Current parent directory: C:/Users/Utilizador/Documents/DDJ/DigitalGame/AnymalsMind/Anymal Mind/sprites/sP1FrogCroak/layers
[21-01-2026 19:10:12] Checking ab60d849-f54b-40a9-9be0-b56ea943b9cf
[21-01-2026 19:10:12] Directory: C:/Users/Utilizador/Documents/DDJ/DigitalGame/AnymalsMind/Anymal Mind/sprites/sP1FrogCroak/layers/ab60d849-f54b-40a9-9be0-b56ea943b9cf
[21-01-2026 19:10:12] Checking a21f3c8f-8988-4da2-b5e6-7b1e5d75eb9e
[21-01-2026 19:10:12] Directory: C:/Users/Utilizador/Documents/DDJ/DigitalGame/AnymalsMind/Anymal Mind/sprites/sP1FrogCroak/layers/a21f3c8f-8988-4da2-b5e6-7b1e5d75eb9e
[21-01-2026 19:10:12] Checking 3ca6b247-d7eb-4848-b33b-62d509888ffe
[21-01-2026 19:10:12] Directory: C:/Users/Utilizador/Documents/DDJ/DigitalGame/AnymalsMind/Anymal Mind/sprites/sP1FrogCroak/layers/3ca6b247-d7eb-4848-b33b-62d509888ffe
[21-01-2026 19:10:12] Checking 1723118b-6c21-4549-8abc-e3e8f5a1625c
[21-01-2026 19:10:12] Directory: C:/Users/Utilizador/Documents/DDJ/DigitalGame/AnymalsMind/Anymal Mind/sprites/sP1FrogCroak/layers/1723118b-6c21-4549-8abc-e3e8f5a1625c
[21-01-2026 19:10:12] Current parent directory: C:/Users/Utilizador/Documents/DDJ/DigitalGame/AnymalsMind/Anymal Mind/sprites/sP1FrogCroak/layers/1723118b-6c21-4549-8abc-e3e8f5a1625c
[21-01-2026 19:10:12] Checking f690e7e9-75aa-4e74-8a35-48113647639e.png
[21-01-2026 19:10:12] Current parent directory: C:/Users/Utilizador/Documents/DDJ/DigitalGame/AnymalsMind/Anymal Mind/sprites/sP1FrogCroak/layers/3ca6b247-d7eb-4848-b33b-62d509888ffe
[21-01-2026 19:10:12] Checking f690e7e9-75aa-4e74-8a35-48113647639e.png
[21-01-2026 19:10:12] Current parent directory: C:/Users/Utilizador/Documents/DDJ/DigitalGame/AnymalsMind/Anymal Mind/sprites/sP1FrogCroak/layers/a21f3c8f-8988-4da2-b5e6-7b1e5d75eb9e
[21-01-2026 19:10:12] Checking f690e7e9-75aa-4e74-8a35-48113647639e.png
[21-01-2026 19:10:12] Current parent directory: C:/Users/Utilizador/Documents/DDJ/DigitalGame/AnymalsMind/Anymal Mind/sprites/sP1FrogCroak/layers/ab60d849-f54b-40a9-9be0-b56ea943b9cf
[21-01-2026 19:10:12] Checking f690e7e9-75aa-4e74-8a35-48113647639e.png
[21-01-2026 19:10:12] Current parent directory: C:/Users/Utilizador/Documents/DDJ/DigitalGame/AnymalsMind/Anymal Mind/sprites/sP1FrogIdle
[21-01-2026 19:10:12] Checking sP1FrogIdle.yy
[21-01-2026 19:10:12] Parsing C:/Users/Utilizador/Documents/DDJ/DigitalGame/AnymalsMind/Anymal Mind/sprites/sP1FrogIdle/sP1FrogIdle.yy
[21-01-2026 19:10:12] Reading C:/Users/Utilizador/Documents/DDJ/DigitalGame/AnymalsMind/Anymal Mind/sprites/sP1FrogIdle/sP1FrogIdle.yy
[21-01-2026 19:10:12] Par: "folders/Sprites/Animals/Frog" at dir: "C:/Users/Utilizador/Documents/DDJ/DigitalGame/AnymalsMind/Anymal Mind/sprites/sP1FrogIdle/sP1FrogIdle.yy"
[21-01-2026 19:10:12] Found Sprite: sP1FrogIdle
[21-01-2026 19:10:12] Checking layers
[21-01-2026 19:10:12] Directory: C:/Users/Utilizador/Documents/DDJ/DigitalGame/AnymalsMind/Anymal Mind/sprites/sP1FrogIdle/layers
[21-01-2026 19:10:12] Checking bf4cf774-9a87-4d89-ba36-2461d9d9646a.png
[21-01-2026 19:10:12] Checking accf6c67-5229-4fa4-aaea-1a5cbf868552.png
[21-01-2026 19:10:12] Checking 9b991121-3ecc-43af-b6f0-c3ae2fe57a3b.png
[21-01-2026 19:10:12] Current parent directory: C:/Users/Utilizador/Documents/DDJ/DigitalGame/AnymalsMind/Anymal Mind/sprites/sP1FrogIdle/layers
[21-01-2026 19:10:12] Checking bf4cf774-9a87-4d89-ba36-2461d9d9646a
[21-01-2026 19:10:12] Directory: C:/Users/Utilizador/Documents/DDJ/DigitalGame/AnymalsMind/Anymal Mind/sprites/sP1FrogIdle/layers/bf4cf774-9a87-4d89-ba36-2461d9d9646a
[21-01-2026 19:10:12] Checking accf6c67-5229-4fa4-aaea-1a5cbf868552
[21-01-2026 19:10:12] Directory: C:/Users/Utilizador/Documents/DDJ/DigitalGame/AnymalsMind/Anymal Mind/sprites/sP1FrogIdle/layers/accf6c67-5229-4fa4-aaea-1a5cbf868552
[21-01-2026 19:10:12] Checking 9b991121-3ecc-43af-b6f0-c3ae2fe57a3b
[21-01-2026 19:10:12] Directory: C:/Users/Utilizador/Documents/DDJ/DigitalGame/AnymalsMind/Anymal Mind/sprites/sP1FrogIdle/layers/9b991121-3ecc-43af-b6f0-c3ae2fe57a3b
[21-01-2026 19:10:12] Current parent directory: C:/Users/Utilizador/Documents/DDJ/DigitalGame/AnymalsMind/Anymal Mind/sprites/sP1FrogIdle/layers/9b991121-3ecc-43af-b6f0-c3ae2fe57a3b
[21-01-2026 19:10:12] Checking a9e28c6d-02da-40f8-ae81-0b8b2c2e0838.png
[21-01-2026 19:10:12] Current parent directory: C:/Users/Utilizador/Documents/DDJ/DigitalGame/AnymalsMind/Anymal Mind/sprites/sP1FrogIdle/layers/accf6c67-5229-4fa4-aaea-1a5cbf868552
[21-01-2026 19:10:12] Checking a9e28c6d-02da-40f8-ae81-0b8b2c2e0838.png
[21-01-2026 19:10:12] Current parent directory: C:/Users/Utilizador/Documents/DDJ/DigitalGame/AnymalsMind/Anymal Mind/sprites/sP1FrogIdle/layers/bf4cf774-9a87-4d89-ba36-2461d9d9646a
[21-01-2026 19:10:12] Checking a9e28c6d-02da-40f8-ae81-0b8b2c2e0838.png
[21-01-2026 19:10:12] Current parent directory: C:/Users/Utilizador/Documents/DDJ/DigitalGame/AnymalsMind/Anymal Mind/sprites/sP1FrogJumping
[21-01-2026 19:10:12] Checking sP1FrogJumping.yy
[21-01-2026 19:10:12] Parsing C:/Users/Utilizador/Documents/DDJ/DigitalGame/AnymalsMind/Anymal Mind/sprites/sP1FrogJumping/sP1FrogJumping.yy
[21-01-2026 19:10:12] Reading C:/Users/Utilizador/Documents/DDJ/DigitalGame/AnymalsMind/Anymal Mind/sprites/sP1FrogJumping/sP1FrogJumping.yy
[21-01-2026 19:10:12] Par: "folders/Sprites/Animals/Frog" at dir: "C:/Users/Utilizador/Documents/DDJ/DigitalGame/AnymalsMind/Anymal Mind/sprites/sP1FrogJumping/sP1FrogJumping.yy"
[21-01-2026 19:10:12] Found Sprite: sP1FrogJumping
[21-01-2026 19:10:12] Checking layers
[21-01-2026 19:10:12] Directory: C:/Users/Utilizador/Documents/DDJ/DigitalGame/AnymalsMind/Anymal Mind/sprites/sP1FrogJumping/layers
[21-01-2026 19:10:12] Checking fa9cad4c-7658-466a-a945-3b2d01e6cf8a.png
[21-01-2026 19:10:12] Checking e49fcc03-892c-4297-82cb-bbbd0869278c.png
[21-01-2026 19:10:12] Checking bedf91b7-73f1-477d-8163-adc023f284f9.png
[21-01-2026 19:10:12] Checking 221c1c60-f90a-477c-9d0d-bfb70abd5712.png
[21-01-2026 19:10:12] Current parent directory: C:/Users/Utilizador/Documents/DDJ/DigitalGame/AnymalsMind/Anymal Mind/sprites/sP1FrogJumping/layers
[21-01-2026 19:10:12] Checking fa9cad4c-7658-466a-a945-3b2d01e6cf8a
[21-01-2026 19:10:12] Directory: C:/Users/Utilizador/Documents/DDJ/DigitalGame/AnymalsMind/Anymal Mind/sprites/sP1FrogJumping/layers/fa9cad4c-7658-466a-a945-3b2d01e6cf8a
[21-01-2026 19:10:12] Checking e49fcc03-892c-4297-82cb-bbbd0869278c
[21-01-2026 19:10:12] Directory: C:/Users/Utilizador/Documents/DDJ/DigitalGame/AnymalsMind/Anymal Mind/sprites/sP1FrogJumping/layers/e49fcc03-892c-4297-82cb-bbbd0869278c
[21-01-2026 19:10:12] Checking bedf91b7-73f1-477d-8163-adc023f284f9
[21-01-2026 19:10:12] Directory: C:/Users/Utilizador/Documents/DDJ/DigitalGame/AnymalsMind/Anymal Mind/sprites/sP1FrogJumping/layers/bedf91b7-73f1-477d-8163-adc023f284f9
[21-01-2026 19:10:12] Checking 221c1c60-f90a-477c-9d0d-bfb70abd5712
[21-01-2026 19:10:12] Directory: C:/Users/Utilizador/Documents/DDJ/DigitalGame/AnymalsMind/Anymal Mind/sprites/sP1FrogJumping/layers/221c1c60-f90a-477c-9d0d-bfb70abd5712
[21-01-2026 19:10:12] Current parent directory: C:/Users/Utilizador/Documents/DDJ/DigitalGame/AnymalsMind/Anymal Mind/sprites/sP1FrogJumping/layers/221c1c60-f90a-477c-9d0d-bfb70abd5712
[21-01-2026 19:10:12] Checking 6ef2f003-61de-4e1e-a241-5842cf2dc159.png
[21-01-2026 19:10:12] Current parent directory: C:/Users/Utilizador/Documents/DDJ/DigitalGame/AnymalsMind/Anymal Mind/sprites/sP1FrogJumping/layers/bedf91b7-73f1-477d-8163-adc023f284f9
[21-01-2026 19:10:12] Checking 6ef2f003-61de-4e1e-a241-5842cf2dc159.png
[21-01-2026 19:10:12] Current parent directory: C:/Users/Utilizador/Documents/DDJ/DigitalGame/AnymalsMind/Anymal Mind/sprites/sP1FrogJumping/layers/e49fcc03-892c-4297-82cb-bbbd0869278c
[21-01-2026 19:10:12] Checking 6ef2f003-61de-4e1e-a241-5842cf2dc159.png
[21-01-2026 19:10:12] Current parent directory: C:/Users/Utilizador/Documents/DDJ/DigitalGame/AnymalsMind/Anymal Mind/sprites/sP1FrogJumping/layers/fa9cad4c-7658-466a-a945-3b2d01e6cf8a
[21-01-2026 19:10:12] Checking 6ef2f003-61de-4e1e-a241-5842cf2dc159.png
[21-01-2026 19:10:12] Current parent directory: C:/Users/Utilizador/Documents/DDJ/DigitalGame/AnymalsMind/Anymal Mind/sprites/sP1FrogRunning
[21-01-2026 19:10:12] Checking sP1FrogRunning.yy
[21-01-2026 19:10:12] Parsing C:/Users/Utilizador/Documents/DDJ/DigitalGame/AnymalsMind/Anymal Mind/sprites/sP1FrogRunning/sP1FrogRunning.yy
[21-01-2026 19:10:12] Reading C:/Users/Utilizador/Documents/DDJ/DigitalGame/AnymalsMind/Anymal Mind/sprites/sP1FrogRunning/sP1FrogRunning.yy
[21-01-2026 19:10:12] Par: "folders/Sprites/Animals/Frog" at dir: "C:/Users/Utilizador/Documents/DDJ/DigitalGame/AnymalsMind/Anymal Mind/sprites/sP1FrogRunning/sP1FrogRunning.yy"
[21-01-2026 19:10:12] Found Sprite: sP1FrogRunning
[21-01-2026 19:10:12] Checking layers
[21-01-2026 19:10:12] Directory: C:/Users/Utilizador/Documents/DDJ/DigitalGame/AnymalsMind/Anymal Mind/sprites/sP1FrogRunning/layers
[21-01-2026 19:10:12] Checking fa9cad4c-7658-466a-a945-3b2d01e6cf8a.png
[21-01-2026 19:10:12] Checking e49fcc03-892c-4297-82cb-bbbd0869278c.png
[21-01-2026 19:10:12] Checking bedf91b7-73f1-477d-8163-adc023f284f9.png
[21-01-2026 19:10:12] Checking 221c1c60-f90a-477c-9d0d-bfb70abd5712.png
[21-01-2026 19:10:12] Current parent directory: C:/Users/Utilizador/Documents/DDJ/DigitalGame/AnymalsMind/Anymal Mind/sprites/sP1FrogRunning/layers
[21-01-2026 19:10:12] Checking fa9cad4c-7658-466a-a945-3b2d01e6cf8a
[21-01-2026 19:10:12] Directory: C:/Users/Utilizador/Documents/DDJ/DigitalGame/AnymalsMind/Anymal Mind/sprites/sP1FrogRunning/layers/fa9cad4c-7658-466a-a945-3b2d01e6cf8a
[21-01-2026 19:10:12] Checking e49fcc03-892c-4297-82cb-bbbd0869278c
[21-01-2026 19:10:12] Directory: C:/Users/Utilizador/Documents/DDJ/DigitalGame/AnymalsMind/Anymal Mind/sprites/sP1FrogRunning/layers/e49fcc03-892c-4297-82cb-bbbd0869278c
[21-01-2026 19:10:12] Checking bedf91b7-73f1-477d-8163-adc023f284f9
[21-01-2026 19:10:12] Directory: C:/Users/Utilizador/Documents/DDJ/DigitalGame/AnymalsMind/Anymal Mind/sprites/sP1FrogRunning/layers/bedf91b7-73f1-477d-8163-adc023f284f9
[21-01-2026 19:10:12] Checking 221c1c60-f90a-477c-9d0d-bfb70abd5712
[21-01-2026 19:10:12] Directory: C:/Users/Utilizador/Documents/DDJ/DigitalGame/AnymalsMind/Anymal Mind/sprites/sP1FrogRunning/layers/221c1c60-f90a-477c-9d0d-bfb70abd5712
[21-01-2026 19:10:12] Current parent directory: C:/Users/Utilizador/Documents/DDJ/DigitalGame/AnymalsMind/Anymal Mind/sprites/sP1FrogRunning/layers/221c1c60-f90a-477c-9d0d-bfb70abd5712
[21-01-2026 19:10:12] Checking 6ef2f003-61de-4e1e-a241-5842cf2dc159.png
[21-01-2026 19:10:12] Current parent directory: C:/Users/Utilizador/Documents/DDJ/DigitalGame/AnymalsMind/Anymal Mind/sprites/sP1FrogRunning/layers/bedf91b7-73f1-477d-8163-adc023f284f9
[21-01-2026 19:10:12] Checking 6ef2f003-61de-4e1e-a241-5842cf2dc159.png
[21-01-2026 19:10:12] Current parent directory: C:/Users/Utilizador/Documents/DDJ/DigitalGame/AnymalsMind/Anymal Mind/sprites/sP1FrogRunning/layers/e49fcc03-892c-4297-82cb-bbbd0869278c
[21-01-2026 19:10:12] Checking 6ef2f003-61de-4e1e-a241-5842cf2dc159.png
[21-01-2026 19:10:12] Current parent directory: C:/Users/Utilizador/Documents/DDJ/DigitalGame/AnymalsMind/Anymal Mind/sprites/sP1FrogRunning/layers/fa9cad4c-7658-466a-a945-3b2d01e6cf8a
[21-01-2026 19:10:12] Checking 6ef2f003-61de-4e1e-a241-5842cf2dc159.png
[21-01-2026 19:10:12] Current parent directory: C:/Users/Utilizador/Documents/DDJ/DigitalGame/AnymalsMind/Anymal Mind/sprites/sP1FrogSwimming
[21-01-2026 19:10:12] Checking sP1FrogSwimming.yy
[21-01-2026 19:10:12] Parsing C:/Users/Utilizador/Documents/DDJ/DigitalGame/AnymalsMind/Anymal Mind/sprites/sP1FrogSwimming/sP1FrogSwimming.yy
[21-01-2026 19:10:12] Reading C:/Users/Utilizador/Documents/DDJ/DigitalGame/AnymalsMind/Anymal Mind/sprites/sP1FrogSwimming/sP1FrogSwimming.yy
[21-01-2026 19:10:12] Par: "folders/Sprites/Animals/Frog" at dir: "C:/Users/Utilizador/Documents/DDJ/DigitalGame/AnymalsMind/Anymal Mind/sprites/sP1FrogSwimming/sP1FrogSwimming.yy"
[21-01-2026 19:10:12] Found Sprite: sP1FrogSwimming
[21-01-2026 19:10:12] Checking layers
[21-01-2026 19:10:12] Directory: C:/Users/Utilizador/Documents/DDJ/DigitalGame/AnymalsMind/Anymal Mind/sprites/sP1FrogSwimming/layers
[21-01-2026 19:10:12] Checking fa9cad4c-7658-466a-a945-3b2d01e6cf8a.png
[21-01-2026 19:10:12] Checking e49fcc03-892c-4297-82cb-bbbd0869278c.png
[21-01-2026 19:10:12] Checking bedf91b7-73f1-477d-8163-adc023f284f9.png
[21-01-2026 19:10:12] Checking 221c1c60-f90a-477c-9d0d-bfb70abd5712.png
[21-01-2026 19:10:12] Current parent directory: C:/Users/Utilizador/Documents/DDJ/DigitalGame/AnymalsMind/Anymal Mind/sprites/sP1FrogSwimming/layers
[21-01-2026 19:10:12] Checking fa9cad4c-7658-466a-a945-3b2d01e6cf8a
[21-01-2026 19:10:12] Directory: C:/Users/Utilizador/Documents/DDJ/DigitalGame/AnymalsMind/Anymal Mind/sprites/sP1FrogSwimming/layers/fa9cad4c-7658-466a-a945-3b2d01e6cf8a
[21-01-2026 19:10:12] Checking e49fcc03-892c-4297-82cb-bbbd0869278c
[21-01-2026 19:10:12] Directory: C:/Users/Utilizador/Documents/DDJ/DigitalGame/AnymalsMind/Anymal Mind/sprites/sP1FrogSwimming/layers/e49fcc03-892c-4297-82cb-bbbd0869278c
[21-01-2026 19:10:12] Checking bedf91b7-73f1-477d-8163-adc023f284f9
[21-01-2026 19:10:12] Directory: C:/Users/Utilizador/Documents/DDJ/DigitalGame/AnymalsMind/Anymal Mind/sprites/sP1FrogSwimming/layers/bedf91b7-73f1-477d-8163-adc023f284f9
[21-01-2026 19:10:12] Checking 221c1c60-f90a-477c-9d0d-bfb70abd5712
[21-01-2026 19:10:12] Directory: C:/Users/Utilizador/Documents/DDJ/DigitalGame/AnymalsMind/Anymal Mind/sprites/sP1FrogSwimming/layers/221c1c60-f90a-477c-9d0d-bfb70abd5712
[21-01-2026 19:10:12] Current parent directory: C:/Users/Utilizador/Documents/DDJ/DigitalGame/AnymalsMind/Anymal Mind/sprites/sP1FrogSwimming/layers/221c1c60-f90a-477c-9d0d-bfb70abd5712
[21-01-2026 19:10:12] Checking 6ef2f003-61de-4e1e-a241-5842cf2dc159.png
[21-01-2026 19:10:12] Current parent directory: C:/Users/Utilizador/Documents/DDJ/DigitalGame/AnymalsMind/Anymal Mind/sprites/sP1FrogSwimming/layers/bedf91b7-73f1-477d-8163-adc023f284f9
[21-01-2026 19:10:12] Checking 6ef2f003-61de-4e1e-a241-5842cf2dc159.png
[21-01-2026 19:10:12] Current parent directory: C:/Users/Utilizador/Documents/DDJ/DigitalGame/AnymalsMind/Anymal Mind/sprites/sP1FrogSwimming/layers/e49fcc03-892c-4297-82cb-bbbd0869278c
[21-01-2026 19:10:12] Checking 6ef2f003-61de-4e1e-a241-5842cf2dc159.png
[21-01-2026 19:10:12] Current parent directory: C:/Users/Utilizador/Documents/DDJ/DigitalGame/AnymalsMind/Anymal Mind/sprites/sP1FrogSwimming/layers/fa9cad4c-7658-466a-a945-3b2d01e6cf8a
[21-01-2026 19:10:12] Checking 6ef2f003-61de-4e1e-a241-5842cf2dc159.png
[21-01-2026 19:10:12] Current parent directory: C:/Users/Utilizador/Documents/DDJ/DigitalGame/AnymalsMind/Anymal Mind/sprites/sP1Griffon
[21-01-2026 19:10:12] Checking sP1Griffon.yy
[21-01-2026 19:10:12] Parsing C:/Users/Utilizador/Documents/DDJ/DigitalGame/AnymalsMind/Anymal Mind/sprites/sP1Griffon/sP1Griffon.yy
[21-01-2026 19:10:12] Reading C:/Users/Utilizador/Documents/DDJ/DigitalGame/AnymalsMind/Anymal Mind/sprites/sP1Griffon/sP1Griffon.yy
[21-01-2026 19:10:12] Par: "folders/Sprites/Animals" at dir: "C:/Users/Utilizador/Documents/DDJ/DigitalGame/AnymalsMind/Anymal Mind/sprites/sP1Griffon/sP1Griffon.yy"
[21-01-2026 19:10:12] Found Sprite: sP1Griffon
[21-01-2026 19:10:12] Checking layers
[21-01-2026 19:10:12] Directory: C:/Users/Utilizador/Documents/DDJ/DigitalGame/AnymalsMind/Anymal Mind/sprites/sP1Griffon/layers
[21-01-2026 19:10:12] Checking 58ce445a-b8c5-4ae8-ac80-bcef4310649e.png
[21-01-2026 19:10:12] Current parent directory: C:/Users/Utilizador/Documents/DDJ/DigitalGame/AnymalsMind/Anymal Mind/sprites/sP1Griffon/layers
[21-01-2026 19:10:12] Checking 58ce445a-b8c5-4ae8-ac80-bcef4310649e
[21-01-2026 19:10:12] Directory: C:/Users/Utilizador/Documents/DDJ/DigitalGame/AnymalsMind/Anymal Mind/sprites/sP1Griffon/layers/58ce445a-b8c5-4ae8-ac80-bcef4310649e
[21-01-2026 19:10:12] Current parent directory: C:/Users/Utilizador/Documents/DDJ/DigitalGame/AnymalsMind/Anymal Mind/sprites/sP1Griffon/layers/58ce445a-b8c5-4ae8-ac80-bcef4310649e
[21-01-2026 19:10:12] Checking fd22d432-92b7-48b5-bcf4-26524a7d9f36.png
[21-01-2026 19:10:12] Current parent directory: C:/Users/Utilizador/Documents/DDJ/DigitalGame/AnymalsMind/Anymal Mind/sprites/sP1Panda
[21-01-2026 19:10:12] Checking sP1Panda.yy
[21-01-2026 19:10:12] Parsing C:/Users/Utilizador/Documents/DDJ/DigitalGame/AnymalsMind/Anymal Mind/sprites/sP1Panda/sP1Panda.yy
[21-01-2026 19:10:12] Reading C:/Users/Utilizador/Documents/DDJ/DigitalGame/AnymalsMind/Anymal Mind/sprites/sP1Panda/sP1Panda.yy
[21-01-2026 19:10:12] Par: "folders/Sprites/Animals/Panda" at dir: "C:/Users/Utilizador/Documents/DDJ/DigitalGame/AnymalsMind/Anymal Mind/sprites/sP1Panda/sP1Panda.yy"
[21-01-2026 19:10:12] Found Sprite: sP1Panda
[21-01-2026 19:10:12] Checking layers
[21-01-2026 19:10:12] Directory: C:/Users/Utilizador/Documents/DDJ/DigitalGame/AnymalsMind/Anymal Mind/sprites/sP1Panda/layers
[21-01-2026 19:10:12] Checking ab4f2c26-1aeb-4776-bad2-60c5b98cb017.png
[21-01-2026 19:10:12] Current parent directory: C:/Users/Utilizador/Documents/DDJ/DigitalGame/AnymalsMind/Anymal Mind/sprites/sP1Panda/layers
[21-01-2026 19:10:12] Checking ab4f2c26-1aeb-4776-bad2-60c5b98cb017
[21-01-2026 19:10:12] Directory: C:/Users/Utilizador/Documents/DDJ/DigitalGame/AnymalsMind/Anymal Mind/sprites/sP1Panda/layers/ab4f2c26-1aeb-4776-bad2-60c5b98cb017
[21-01-2026 19:10:12] Current parent directory: C:/Users/Utilizador/Documents/DDJ/DigitalGame/AnymalsMind/Anymal Mind/sprites/sP1Panda/layers/ab4f2c26-1aeb-4776-bad2-60c5b98cb017
[21-01-2026 19:10:12] Checking 3eaf9afa-03f3-4091-81cf-c47ca0beab5d.png
[21-01-2026 19:10:12] Current parent directory: C:/Users/Utilizador/Documents/DDJ/DigitalGame/AnymalsMind/Anymal Mind/sprites/sP1PandaIdle
[21-01-2026 19:10:12] Checking sP1PandaIdle.yy
[21-01-2026 19:10:12] Parsing C:/Users/Utilizador/Documents/DDJ/DigitalGame/AnymalsMind/Anymal Mind/sprites/sP1PandaIdle/sP1PandaIdle.yy
[21-01-2026 19:10:12] Reading C:/Users/Utilizador/Documents/DDJ/DigitalGame/AnymalsMind/Anymal Mind/sprites/sP1PandaIdle/sP1PandaIdle.yy
[21-01-2026 19:10:12] Par: "folders/Sprites/Animals/Panda" at dir: "C:/Users/Utilizador/Documents/DDJ/DigitalGame/AnymalsMind/Anymal Mind/sprites/sP1PandaIdle/sP1PandaIdle.yy"
[21-01-2026 19:10:12] Found Sprite: sP1PandaIdle
[21-01-2026 19:10:12] Checking layers
[21-01-2026 19:10:12] Directory: C:/Users/Utilizador/Documents/DDJ/DigitalGame/AnymalsMind/Anymal Mind/sprites/sP1PandaIdle/layers
[21-01-2026 19:10:12] Checking d3eb5447-1a71-43df-a1ca-3e3c8af845ef.png
[21-01-2026 19:10:12] Checking a09f8702-6bfa-4501-b18d-1b74bac896cb.png
[21-01-2026 19:10:12] Checking 49068f7a-7de2-4999-9e27-430751b7c2dc.png
[21-01-2026 19:10:12] Checking 30207494-ac6a-47ba-b851-754078adad25.png
[21-01-2026 19:10:12] Current parent directory: C:/Users/Utilizador/Documents/DDJ/DigitalGame/AnymalsMind/Anymal Mind/sprites/sP1PandaIdle/layers
[21-01-2026 19:10:12] Checking d3eb5447-1a71-43df-a1ca-3e3c8af845ef
[21-01-2026 19:10:12] Directory: C:/Users/Utilizador/Documents/DDJ/DigitalGame/AnymalsMind/Anymal Mind/sprites/sP1PandaIdle/layers/d3eb5447-1a71-43df-a1ca-3e3c8af845ef
[21-01-2026 19:10:12] Checking a09f8702-6bfa-4501-b18d-1b74bac896cb
[21-01-2026 19:10:12] Directory: C:/Users/Utilizador/Documents/DDJ/DigitalGame/AnymalsMind/Anymal Mind/sprites/sP1PandaIdle/layers/a09f8702-6bfa-4501-b18d-1b74bac896cb
[21-01-2026 19:10:12] Checking 49068f7a-7de2-4999-9e27-430751b7c2dc
[21-01-2026 19:10:12] Directory: C:/Users/Utilizador/Documents/DDJ/DigitalGame/AnymalsMind/Anymal Mind/sprites/sP1PandaIdle/layers/49068f7a-7de2-4999-9e27-430751b7c2dc
[21-01-2026 19:10:12] Checking 30207494-ac6a-47ba-b851-754078adad25
[21-01-2026 19:10:12] Directory: C:/Users/Utilizador/Documents/DDJ/DigitalGame/AnymalsMind/Anymal Mind/sprites/sP1PandaIdle/layers/30207494-ac6a-47ba-b851-754078adad25
[21-01-2026 19:10:12] Current parent directory: C:/Users/Utilizador/Documents/DDJ/DigitalGame/AnymalsMind/Anymal Mind/sprites/sP1PandaIdle/layers/30207494-ac6a-47ba-b851-754078adad25
[21-01-2026 19:10:12] Checking 4e736490-cef7-4421-a34a-d38aa680e314.png
[21-01-2026 19:10:12] Current parent directory: C:/Users/Utilizador/Documents/DDJ/DigitalGame/AnymalsMind/Anymal Mind/sprites/sP1PandaIdle/layers/49068f7a-7de2-4999-9e27-430751b7c2dc
[21-01-2026 19:10:12] Checking 4e736490-cef7-4421-a34a-d38aa680e314.png
[21-01-2026 19:10:12] Current parent directory: C:/Users/Utilizador/Documents/DDJ/DigitalGame/AnymalsMind/Anymal Mind/sprites/sP1PandaIdle/layers/a09f8702-6bfa-4501-b18d-1b74bac896cb
[21-01-2026 19:10:12] Checking 4e736490-cef7-4421-a34a-d38aa680e314.png
[21-01-2026 19:10:12] Current parent directory: C:/Users/Utilizador/Documents/DDJ/DigitalGame/AnymalsMind/Anymal Mind/sprites/sP1PandaIdle/layers/d3eb5447-1a71-43df-a1ca-3e3c8af845ef
[21-01-2026 19:10:12] Checking 4e736490-cef7-4421-a34a-d38aa680e314.png
[21-01-2026 19:10:12] Current parent directory: C:/Users/Utilizador/Documents/DDJ/DigitalGame/AnymalsMind/Anymal Mind/sprites/sP1PandaJumping
[21-01-2026 19:10:12] Checking sP1PandaJumping.yy
[21-01-2026 19:10:12] Parsing C:/Users/Utilizador/Documents/DDJ/DigitalGame/AnymalsMind/Anymal Mind/sprites/sP1PandaJumping/sP1PandaJumping.yy
[21-01-2026 19:10:12] Reading C:/Users/Utilizador/Documents/DDJ/DigitalGame/AnymalsMind/Anymal Mind/sprites/sP1PandaJumping/sP1PandaJumping.yy
[21-01-2026 19:10:12] Par: "folders/Sprites/Animals/Panda" at dir: "C:/Users/Utilizador/Documents/DDJ/DigitalGame/AnymalsMind/Anymal Mind/sprites/sP1PandaJumping/sP1PandaJumping.yy"
[21-01-2026 19:10:12] Found Sprite: sP1PandaJumping
[21-01-2026 19:10:12] Checking layers
[21-01-2026 19:10:12] Directory: C:/Users/Utilizador/Documents/DDJ/DigitalGame/AnymalsMind/Anymal Mind/sprites/sP1PandaJumping/layers
[21-01-2026 19:10:12] Checking 7db83335-9c11-447f-b7e2-60cd65fcac7d.png
[21-01-2026 19:10:12] Checking 1e3bbb28-bf4e-4a31-a5a5-81cc85efa1c6.png
[21-01-2026 19:10:12] Current parent directory: C:/Users/Utilizador/Documents/DDJ/DigitalGame/AnymalsMind/Anymal Mind/sprites/sP1PandaJumping/layers
[21-01-2026 19:10:12] Checking 7db83335-9c11-447f-b7e2-60cd65fcac7d
[21-01-2026 19:10:12] Directory: C:/Users/Utilizador/Documents/DDJ/DigitalGame/AnymalsMind/Anymal Mind/sprites/sP1PandaJumping/layers/7db83335-9c11-447f-b7e2-60cd65fcac7d
[21-01-2026 19:10:12] Checking 1e3bbb28-bf4e-4a31-a5a5-81cc85efa1c6
[21-01-2026 19:10:12] Directory: C:/Users/Utilizador/Documents/DDJ/DigitalGame/AnymalsMind/Anymal Mind/sprites/sP1PandaJumping/layers/1e3bbb28-bf4e-4a31-a5a5-81cc85efa1c6
[21-01-2026 19:10:12] Current parent directory: C:/Users/Utilizador/Documents/DDJ/DigitalGame/AnymalsMind/Anymal Mind/sprites/sP1PandaJumping/layers/1e3bbb28-bf4e-4a31-a5a5-81cc85efa1c6
[21-01-2026 19:10:12] Checking 28bd6eb8-be3c-434d-a41e-5ff5a242d2e3.png
[21-01-2026 19:10:12] Current parent directory: C:/Users/Utilizador/Documents/DDJ/DigitalGame/AnymalsMind/Anymal Mind/sprites/sP1PandaJumping/layers/7db83335-9c11-447f-b7e2-60cd65fcac7d
[21-01-2026 19:10:12] Checking 28bd6eb8-be3c-434d-a41e-5ff5a242d2e3.png
[21-01-2026 19:10:12] Current parent directory: C:/Users/Utilizador/Documents/DDJ/DigitalGame/AnymalsMind/Anymal Mind/sprites/sP1PandaRunning
[21-01-2026 19:10:12] Checking sP1PandaRunning.yy
[21-01-2026 19:10:12] Parsing C:/Users/Utilizador/Documents/DDJ/DigitalGame/AnymalsMind/Anymal Mind/sprites/sP1PandaRunning/sP1PandaRunning.yy
[21-01-2026 19:10:12] Reading C:/Users/Utilizador/Documents/DDJ/DigitalGame/AnymalsMind/Anymal Mind/sprites/sP1PandaRunning/sP1PandaRunning.yy
[21-01-2026 19:10:12] Par: "folders/Sprites/Animals/Panda" at dir: "C:/Users/Utilizador/Documents/DDJ/DigitalGame/AnymalsMind/Anymal Mind/sprites/sP1PandaRunning/sP1PandaRunning.yy"
[21-01-2026 19:10:12] Found Sprite: sP1PandaRunning
[21-01-2026 19:10:12] Checking layers
[21-01-2026 19:10:12] Directory: C:/Users/Utilizador/Documents/DDJ/DigitalGame/AnymalsMind/Anymal Mind/sprites/sP1PandaRunning/layers
[21-01-2026 19:10:12] Checking f72924f4-e71a-4f57-aade-9bcf1b81f505.png
[21-01-2026 19:10:12] Checking dc1533fd-53fd-42eb-b70f-922097dbfa74.png
[21-01-2026 19:10:12] Checking a487fac0-8a5c-4cc3-a44a-556a011ce0ce.png
[21-01-2026 19:10:12] Checking 9dad1ab4-e239-4d0d-9550-1779d98ace4d.png
[21-01-2026 19:10:12] Current parent directory: C:/Users/Utilizador/Documents/DDJ/DigitalGame/AnymalsMind/Anymal Mind/sprites/sP1PandaRunning/layers
[21-01-2026 19:10:12] Checking f72924f4-e71a-4f57-aade-9bcf1b81f505
[21-01-2026 19:10:12] Directory: C:/Users/Utilizador/Documents/DDJ/DigitalGame/AnymalsMind/Anymal Mind/sprites/sP1PandaRunning/layers/f72924f4-e71a-4f57-aade-9bcf1b81f505
[21-01-2026 19:10:12] Checking dc1533fd-53fd-42eb-b70f-922097dbfa74
[21-01-2026 19:10:12] Directory: C:/Users/Utilizador/Documents/DDJ/DigitalGame/AnymalsMind/Anymal Mind/sprites/sP1PandaRunning/layers/dc1533fd-53fd-42eb-b70f-922097dbfa74
[21-01-2026 19:10:12] Checking a487fac0-8a5c-4cc3-a44a-556a011ce0ce
[21-01-2026 19:10:12] Directory: C:/Users/Utilizador/Documents/DDJ/DigitalGame/AnymalsMind/Anymal Mind/sprites/sP1PandaRunning/layers/a487fac0-8a5c-4cc3-a44a-556a011ce0ce
[21-01-2026 19:10:12] Checking 9dad1ab4-e239-4d0d-9550-1779d98ace4d
[21-01-2026 19:10:12] Directory: C:/Users/Utilizador/Documents/DDJ/DigitalGame/AnymalsMind/Anymal Mind/sprites/sP1PandaRunning/layers/9dad1ab4-e239-4d0d-9550-1779d98ace4d
[21-01-2026 19:10:12] Current parent directory: C:/Users/Utilizador/Documents/DDJ/DigitalGame/AnymalsMind/Anymal Mind/sprites/sP1PandaRunning/layers/9dad1ab4-e239-4d0d-9550-1779d98ace4d
[21-01-2026 19:10:12] Checking 30f101e4-b757-4a1a-bae1-73cb17d93e88.png
[21-01-2026 19:10:12] Current parent directory: C:/Users/Utilizador/Documents/DDJ/DigitalGame/AnymalsMind/Anymal Mind/sprites/sP1PandaRunning/layers/a487fac0-8a5c-4cc3-a44a-556a011ce0ce
[21-01-2026 19:10:12] Checking 30f101e4-b757-4a1a-bae1-73cb17d93e88.png
[21-01-2026 19:10:12] Current parent directory: C:/Users/Utilizador/Documents/DDJ/DigitalGame/AnymalsMind/Anymal Mind/sprites/sP1PandaRunning/layers/dc1533fd-53fd-42eb-b70f-922097dbfa74
[21-01-2026 19:10:12] Checking 30f101e4-b757-4a1a-bae1-73cb17d93e88.png
[21-01-2026 19:10:12] Current parent directory: C:/Users/Utilizador/Documents/DDJ/DigitalGame/AnymalsMind/Anymal Mind/sprites/sP1PandaRunning/layers/f72924f4-e71a-4f57-aade-9bcf1b81f505
[21-01-2026 19:10:12] Checking 30f101e4-b757-4a1a-bae1-73cb17d93e88.png
[21-01-2026 19:10:12] Current parent directory: C:/Users/Utilizador/Documents/DDJ/DigitalGame/AnymalsMind/Anymal Mind/sprites/sP1PandaSpecial
[21-01-2026 19:10:12] Checking sP1PandaSpecial.yy
[21-01-2026 19:10:12] Parsing C:/Users/Utilizador/Documents/DDJ/DigitalGame/AnymalsMind/Anymal Mind/sprites/sP1PandaSpecial/sP1PandaSpecial.yy
[21-01-2026 19:10:12] Reading C:/Users/Utilizador/Documents/DDJ/DigitalGame/AnymalsMind/Anymal Mind/sprites/sP1PandaSpecial/sP1PandaSpecial.yy
[21-01-2026 19:10:12] Par: "folders/Sprites/Animals/Panda" at dir: "C:/Users/Utilizador/Documents/DDJ/DigitalGame/AnymalsMind/Anymal Mind/sprites/sP1PandaSpecial/sP1PandaSpecial.yy"
[21-01-2026 19:10:12] Found Sprite: sP1PandaSpecial
[21-01-2026 19:10:12] Checking layers
[21-01-2026 19:10:12] Directory: C:/Users/Utilizador/Documents/DDJ/DigitalGame/AnymalsMind/Anymal Mind/sprites/sP1PandaSpecial/layers
[21-01-2026 19:10:12] Checking a2282747-2b89-4932-8f15-773e3381551b.png
[21-01-2026 19:10:12] Checking 3dcdea7d-9750-40cc-81d3-4cc56f85d999.png
[21-01-2026 19:10:12] Current parent directory: C:/Users/Utilizador/Documents/DDJ/DigitalGame/AnymalsMind/Anymal Mind/sprites/sP1PandaSpecial/layers
[21-01-2026 19:10:12] Checking a2282747-2b89-4932-8f15-773e3381551b
[21-01-2026 19:10:12] Directory: C:/Users/Utilizador/Documents/DDJ/DigitalGame/AnymalsMind/Anymal Mind/sprites/sP1PandaSpecial/layers/a2282747-2b89-4932-8f15-773e3381551b
[21-01-2026 19:10:12] Checking 3dcdea7d-9750-40cc-81d3-4cc56f85d999
[21-01-2026 19:10:12] Directory: C:/Users/Utilizador/Documents/DDJ/DigitalGame/AnymalsMind/Anymal Mind/sprites/sP1PandaSpecial/layers/3dcdea7d-9750-40cc-81d3-4cc56f85d999
[21-01-2026 19:10:12] Current parent directory: C:/Users/Utilizador/Documents/DDJ/DigitalGame/AnymalsMind/Anymal Mind/sprites/sP1PandaSpecial/layers/3dcdea7d-9750-40cc-81d3-4cc56f85d999
[21-01-2026 19:10:12] Checking 7290fe62-6b09-4825-904f-b71339dd10bc.png
[21-01-2026 19:10:12] Current parent directory: C:/Users/Utilizador/Documents/DDJ/DigitalGame/AnymalsMind/Anymal Mind/sprites/sP1PandaSpecial/layers/a2282747-2b89-4932-8f15-773e3381551b
[21-01-2026 19:10:12] Checking 7290fe62-6b09-4825-904f-b71339dd10bc.png
[21-01-2026 19:10:12] Current parent directory: C:/Users/Utilizador/Documents/DDJ/DigitalGame/AnymalsMind/Anymal Mind/sprites/sP1Vulture
[21-01-2026 19:10:12] Checking sP1Vulture.yy
[21-01-2026 19:10:12] Parsing C:/Users/Utilizador/Documents/DDJ/DigitalGame/AnymalsMind/Anymal Mind/sprites/sP1Vulture/sP1Vulture.yy
[21-01-2026 19:10:12] Reading C:/Users/Utilizador/Documents/DDJ/DigitalGame/AnymalsMind/Anymal Mind/sprites/sP1Vulture/sP1Vulture.yy
[21-01-2026 19:10:12] Par: "folders/Sprites/Animals/Vulture" at dir: "C:/Users/Utilizador/Documents/DDJ/DigitalGame/AnymalsMind/Anymal Mind/sprites/sP1Vulture/sP1Vulture.yy"
[21-01-2026 19:10:12] Found Sprite: sP1Vulture
[21-01-2026 19:10:12] Checking layers
[21-01-2026 19:10:12] Directory: C:/Users/Utilizador/Documents/DDJ/DigitalGame/AnymalsMind/Anymal Mind/sprites/sP1Vulture/layers
[21-01-2026 19:10:12] Checking d1f3ea93-e2d0-4c26-a5ba-6774b3a8b281.png
[21-01-2026 19:10:12] Current parent directory: C:/Users/Utilizador/Documents/DDJ/DigitalGame/AnymalsMind/Anymal Mind/sprites/sP1Vulture/layers
[21-01-2026 19:10:12] Checking d1f3ea93-e2d0-4c26-a5ba-6774b3a8b281
[21-01-2026 19:10:12] Directory: C:/Users/Utilizador/Documents/DDJ/DigitalGame/AnymalsMind/Anymal Mind/sprites/sP1Vulture/layers/d1f3ea93-e2d0-4c26-a5ba-6774b3a8b281
[21-01-2026 19:10:12] Current parent directory: C:/Users/Utilizador/Documents/DDJ/DigitalGame/AnymalsMind/Anymal Mind/sprites/sP1Vulture/layers/d1f3ea93-e2d0-4c26-a5ba-6774b3a8b281
[21-01-2026 19:10:12] Checking f2e5c530-2393-4fd1-969e-9490f97f6b3f.png
[21-01-2026 19:10:12] Current parent directory: C:/Users/Utilizador/Documents/DDJ/DigitalGame/AnymalsMind/Anymal Mind/sprites/sP1VultureIdle
[21-01-2026 19:10:12] Checking sP1VultureIdle.yy
[21-01-2026 19:10:12] Parsing C:/Users/Utilizador/Documents/DDJ/DigitalGame/AnymalsMind/Anymal Mind/sprites/sP1VultureIdle/sP1VultureIdle.yy
[21-01-2026 19:10:12] Reading C:/Users/Utilizador/Documents/DDJ/DigitalGame/AnymalsMind/Anymal Mind/sprites/sP1VultureIdle/sP1VultureIdle.yy
[21-01-2026 19:10:12] Par: "folders/Sprites/Animals/Vulture" at dir: "C:/Users/Utilizador/Documents/DDJ/DigitalGame/AnymalsMind/Anymal Mind/sprites/sP1VultureIdle/sP1VultureIdle.yy"
[21-01-2026 19:10:12] Found Sprite: sP1VultureIdle
[21-01-2026 19:10:12] Checking layers
[21-01-2026 19:10:12] Directory: C:/Users/Utilizador/Documents/DDJ/DigitalGame/AnymalsMind/Anymal Mind/sprites/sP1VultureIdle/layers
[21-01-2026 19:10:12] Checking ed86cbe4-00a6-46d6-bbb8-8f32ec266503.png
[21-01-2026 19:10:12] Checking b99e8743-7eb4-4cf7-9516-e0b2b72a0ef8.png
[21-01-2026 19:10:12] Checking 0e7aab81-5904-4812-b25e-958b3c1ca448.png
[21-01-2026 19:10:12] Checking 097ec40c-6e07-4a98-bdd4-62e451a0f6fd.png
[21-01-2026 19:10:12] Current parent directory: C:/Users/Utilizador/Documents/DDJ/DigitalGame/AnymalsMind/Anymal Mind/sprites/sP1VultureIdle/layers
[21-01-2026 19:10:12] Checking ed86cbe4-00a6-46d6-bbb8-8f32ec266503
[21-01-2026 19:10:12] Directory: C:/Users/Utilizador/Documents/DDJ/DigitalGame/AnymalsMind/Anymal Mind/sprites/sP1VultureIdle/layers/ed86cbe4-00a6-46d6-bbb8-8f32ec266503
[21-01-2026 19:10:12] Checking b99e8743-7eb4-4cf7-9516-e0b2b72a0ef8
[21-01-2026 19:10:12] Directory: C:/Users/Utilizador/Documents/DDJ/DigitalGame/AnymalsMind/Anymal Mind/sprites/sP1VultureIdle/layers/b99e8743-7eb4-4cf7-9516-e0b2b72a0ef8
[21-01-2026 19:10:12] Checking 0e7aab81-5904-4812-b25e-958b3c1ca448
[21-01-2026 19:10:12] Directory: C:/Users/Utilizador/Documents/DDJ/DigitalGame/AnymalsMind/Anymal Mind/sprites/sP1VultureIdle/layers/0e7aab81-5904-4812-b25e-958b3c1ca448
[21-01-2026 19:10:12] Checking 097ec40c-6e07-4a98-bdd4-62e451a0f6fd
[21-01-2026 19:10:12] Directory: C:/Users/Utilizador/Documents/DDJ/DigitalGame/AnymalsMind/Anymal Mind/sprites/sP1VultureIdle/layers/097ec40c-6e07-4a98-bdd4-62e451a0f6fd
[21-01-2026 19:10:12] Current parent directory: C:/Users/Utilizador/Documents/DDJ/DigitalGame/AnymalsMind/Anymal Mind/sprites/sP1VultureIdle/layers/097ec40c-6e07-4a98-bdd4-62e451a0f6fd
[21-01-2026 19:10:12] Checking 370beba5-09ac-46b3-bd8e-847179f3afdb.png
[21-01-2026 19:10:12] Current parent directory: C:/Users/Utilizador/Documents/DDJ/DigitalGame/AnymalsMind/Anymal Mind/sprites/sP1VultureIdle/layers/0e7aab81-5904-4812-b25e-958b3c1ca448
[21-01-2026 19:10:12] Checking 370beba5-09ac-46b3-bd8e-847179f3afdb.png
[21-01-2026 19:10:12] Current parent directory: C:/Users/Utilizador/Documents/DDJ/DigitalGame/AnymalsMind/Anymal Mind/sprites/sP1VultureIdle/layers/b99e8743-7eb4-4cf7-9516-e0b2b72a0ef8
[21-01-2026 19:10:12] Checking 370beba5-09ac-46b3-bd8e-847179f3afdb.png
[21-01-2026 19:10:12] Current parent directory: C:/Users/Utilizador/Documents/DDJ/DigitalGame/AnymalsMind/Anymal Mind/sprites/sP1VultureIdle/layers/ed86cbe4-00a6-46d6-bbb8-8f32ec266503
[21-01-2026 19:10:12] Checking 370beba5-09ac-46b3-bd8e-847179f3afdb.png
[21-01-2026 19:10:12] Current parent directory: C:/Users/Utilizador/Documents/DDJ/DigitalGame/AnymalsMind/Anymal Mind/sprites/sP1VultureJumping
[21-01-2026 19:10:12] Checking sP1VultureJumping.yy
[21-01-2026 19:10:12] Parsing C:/Users/Utilizador/Documents/DDJ/DigitalGame/AnymalsMind/Anymal Mind/sprites/sP1VultureJumping/sP1VultureJumping.yy
[21-01-2026 19:10:12] Reading C:/Users/Utilizador/Documents/DDJ/DigitalGame/AnymalsMind/Anymal Mind/sprites/sP1VultureJumping/sP1VultureJumping.yy
[21-01-2026 19:10:12] Par: "folders/Sprites/Animals/Vulture" at dir: "C:/Users/Utilizador/Documents/DDJ/DigitalGame/AnymalsMind/Anymal Mind/sprites/sP1VultureJumping/sP1VultureJumping.yy"
[21-01-2026 19:10:12] Found Sprite: sP1VultureJumping
[21-01-2026 19:10:12] Checking layers
[21-01-2026 19:10:12] Directory: C:/Users/Utilizador/Documents/DDJ/DigitalGame/AnymalsMind/Anymal Mind/sprites/sP1VultureJumping/layers
[21-01-2026 19:10:12] Checking aeeb5ec2-08bd-4569-aa2e-509bdfc4a5eb.png
[21-01-2026 19:10:12] Checking 8ac4ede8-5fae-4e15-b83b-2fbccc2df981.png
[21-01-2026 19:10:12] Checking 804c73d5-56f6-406e-a1c3-e27a1231e72c.png
[21-01-2026 19:10:12] Checking 7af85a89-3ccf-4b65-a987-df775c32a058.png
[21-01-2026 19:10:12] Current parent directory: C:/Users/Utilizador/Documents/DDJ/DigitalGame/AnymalsMind/Anymal Mind/sprites/sP1VultureJumping/layers
[21-01-2026 19:10:12] Checking aeeb5ec2-08bd-4569-aa2e-509bdfc4a5eb
[21-01-2026 19:10:12] Directory: C:/Users/Utilizador/Documents/DDJ/DigitalGame/AnymalsMind/Anymal Mind/sprites/sP1VultureJumping/layers/aeeb5ec2-08bd-4569-aa2e-509bdfc4a5eb
[21-01-2026 19:10:12] Checking 8ac4ede8-5fae-4e15-b83b-2fbccc2df981
[21-01-2026 19:10:12] Directory: C:/Users/Utilizador/Documents/DDJ/DigitalGame/AnymalsMind/Anymal Mind/sprites/sP1VultureJumping/layers/8ac4ede8-5fae-4e15-b83b-2fbccc2df981
[21-01-2026 19:10:12] Checking 804c73d5-56f6-406e-a1c3-e27a1231e72c
[21-01-2026 19:10:12] Directory: C:/Users/Utilizador/Documents/DDJ/DigitalGame/AnymalsMind/Anymal Mind/sprites/sP1VultureJumping/layers/804c73d5-56f6-406e-a1c3-e27a1231e72c
[21-01-2026 19:10:12] Checking 7af85a89-3ccf-4b65-a987-df775c32a058
[21-01-2026 19:10:12] Directory: C:/Users/Utilizador/Documents/DDJ/DigitalGame/AnymalsMind/Anymal Mind/sprites/sP1VultureJumping/layers/7af85a89-3ccf-4b65-a987-df775c32a058
[21-01-2026 19:10:12] Current parent directory: C:/Users/Utilizador/Documents/DDJ/DigitalGame/AnymalsMind/Anymal Mind/sprites/sP1VultureJumping/layers/7af85a89-3ccf-4b65-a987-df775c32a058
[21-01-2026 19:10:12] Checking be6fd40b-5588-4830-8c10-1816c7ca0d93.png
[21-01-2026 19:10:12] Current parent directory: C:/Users/Utilizador/Documents/DDJ/DigitalGame/AnymalsMind/Anymal Mind/sprites/sP1VultureJumping/layers/804c73d5-56f6-406e-a1c3-e27a1231e72c
[21-01-2026 19:10:12] Checking be6fd40b-5588-4830-8c10-1816c7ca0d93.png
[21-01-2026 19:10:12] Current parent directory: C:/Users/Utilizador/Documents/DDJ/DigitalGame/AnymalsMind/Anymal Mind/sprites/sP1VultureJumping/layers/8ac4ede8-5fae-4e15-b83b-2fbccc2df981
[21-01-2026 19:10:12] Checking be6fd40b-5588-4830-8c10-1816c7ca0d93.png
[21-01-2026 19:10:12] Current parent directory: C:/Users/Utilizador/Documents/DDJ/DigitalGame/AnymalsMind/Anymal Mind/sprites/sP1VultureJumping/layers/aeeb5ec2-08bd-4569-aa2e-509bdfc4a5eb
[21-01-2026 19:10:12] Checking be6fd40b-5588-4830-8c10-1816c7ca0d93.png
[21-01-2026 19:10:12] Current parent directory: C:/Users/Utilizador/Documents/DDJ/DigitalGame/AnymalsMind/Anymal Mind/sprites/sP1VultureRunning
[21-01-2026 19:10:12] Checking sP1VultureRunning.yy
[21-01-2026 19:10:12] Parsing C:/Users/Utilizador/Documents/DDJ/DigitalGame/AnymalsMind/Anymal Mind/sprites/sP1VultureRunning/sP1VultureRunning.yy
[21-01-2026 19:10:12] Reading C:/Users/Utilizador/Documents/DDJ/DigitalGame/AnymalsMind/Anymal Mind/sprites/sP1VultureRunning/sP1VultureRunning.yy
[21-01-2026 19:10:12] Par: "folders/Sprites/Animals/Vulture" at dir: "C:/Users/Utilizador/Documents/DDJ/DigitalGame/AnymalsMind/Anymal Mind/sprites/sP1VultureRunning/sP1VultureRunning.yy"
[21-01-2026 19:10:12] Found Sprite: sP1VultureRunning
[21-01-2026 19:10:12] Checking layers
[21-01-2026 19:10:12] Directory: C:/Users/Utilizador/Documents/DDJ/DigitalGame/AnymalsMind/Anymal Mind/sprites/sP1VultureRunning/layers
[21-01-2026 19:10:12] Checking f2b9fa58-2253-44f0-a7b3-3d7f9e0273d6.png
[21-01-2026 19:10:12] Checking bcda650f-2dc0-46fb-b8f3-6fd1a630c4d5.png
[21-01-2026 19:10:12] Checking b7745e2b-2ed9-462a-b369-c62f453d25e8.png
[21-01-2026 19:10:12] Checking 39e55925-19ac-4ccf-aaab-95b233e7950c.png
[21-01-2026 19:10:12] Current parent directory: C:/Users/Utilizador/Documents/DDJ/DigitalGame/AnymalsMind/Anymal Mind/sprites/sP1VultureRunning/layers
[21-01-2026 19:10:12] Checking f2b9fa58-2253-44f0-a7b3-3d7f9e0273d6
[21-01-2026 19:10:12] Directory: C:/Users/Utilizador/Documents/DDJ/DigitalGame/AnymalsMind/Anymal Mind/sprites/sP1VultureRunning/layers/f2b9fa58-2253-44f0-a7b3-3d7f9e0273d6
[21-01-2026 19:10:12] Checking bcda650f-2dc0-46fb-b8f3-6fd1a630c4d5
[21-01-2026 19:10:12] Directory: C:/Users/Utilizador/Documents/DDJ/DigitalGame/AnymalsMind/Anymal Mind/sprites/sP1VultureRunning/layers/bcda650f-2dc0-46fb-b8f3-6fd1a630c4d5
[21-01-2026 19:10:12] Checking b7745e2b-2ed9-462a-b369-c62f453d25e8
[21-01-2026 19:10:12] Directory: C:/Users/Utilizador/Documents/DDJ/DigitalGame/AnymalsMind/Anymal Mind/sprites/sP1VultureRunning/layers/b7745e2b-2ed9-462a-b369-c62f453d25e8
[21-01-2026 19:10:12] Checking 39e55925-19ac-4ccf-aaab-95b233e7950c
[21-01-2026 19:10:12] Directory: C:/Users/Utilizador/Documents/DDJ/DigitalGame/AnymalsMind/Anymal Mind/sprites/sP1VultureRunning/layers/39e55925-19ac-4ccf-aaab-95b233e7950c
[21-01-2026 19:10:12] Current parent directory: C:/Users/Utilizador/Documents/DDJ/DigitalGame/AnymalsMind/Anymal Mind/sprites/sP1VultureRunning/layers/39e55925-19ac-4ccf-aaab-95b233e7950c
[21-01-2026 19:10:12] Checking ae4bcce9-7e36-4e69-9014-58dfbde36189.png
[21-01-2026 19:10:12] Current parent directory: C:/Users/Utilizador/Documents/DDJ/DigitalGame/AnymalsMind/Anymal Mind/sprites/sP1VultureRunning/layers/b7745e2b-2ed9-462a-b369-c62f453d25e8
[21-01-2026 19:10:12] Checking ae4bcce9-7e36-4e69-9014-58dfbde36189.png
[21-01-2026 19:10:12] Current parent directory: C:/Users/Utilizador/Documents/DDJ/DigitalGame/AnymalsMind/Anymal Mind/sprites/sP1VultureRunning/layers/bcda650f-2dc0-46fb-b8f3-6fd1a630c4d5
[21-01-2026 19:10:12] Checking ae4bcce9-7e36-4e69-9014-58dfbde36189.png
[21-01-2026 19:10:12] Current parent directory: C:/Users/Utilizador/Documents/DDJ/DigitalGame/AnymalsMind/Anymal Mind/sprites/sP1VultureRunning/layers/f2b9fa58-2253-44f0-a7b3-3d7f9e0273d6
[21-01-2026 19:10:12] Checking ae4bcce9-7e36-4e69-9014-58dfbde36189.png
[21-01-2026 19:10:12] Current parent directory: C:/Users/Utilizador/Documents/DDJ/DigitalGame/AnymalsMind/Anymal Mind/sprites/sP2
[21-01-2026 19:10:12] Checking sP2.yy
[21-01-2026 19:10:12] Parsing C:/Users/Utilizador/Documents/DDJ/DigitalGame/AnymalsMind/Anymal Mind/sprites/sP2/sP2.yy
[21-01-2026 19:10:12] Reading C:/Users/Utilizador/Documents/DDJ/DigitalGame/AnymalsMind/Anymal Mind/sprites/sP2/sP2.yy
[21-01-2026 19:10:12] Par: "folders/Sprites/Animals/Player2" at dir: "C:/Users/Utilizador/Documents/DDJ/DigitalGame/AnymalsMind/Anymal Mind/sprites/sP2/sP2.yy"
[21-01-2026 19:10:12] Found Sprite: sP2
[21-01-2026 19:10:12] Checking layers
[21-01-2026 19:10:12] Directory: C:/Users/Utilizador/Documents/DDJ/DigitalGame/AnymalsMind/Anymal Mind/sprites/sP2/layers
[21-01-2026 19:10:12] Checking 33d82147-aa70-4c70-8ac2-b00a34a8146f.png
[21-01-2026 19:10:12] Current parent directory: C:/Users/Utilizador/Documents/DDJ/DigitalGame/AnymalsMind/Anymal Mind/sprites/sP2/layers
[21-01-2026 19:10:12] Checking 33d82147-aa70-4c70-8ac2-b00a34a8146f
[21-01-2026 19:10:12] Directory: C:/Users/Utilizador/Documents/DDJ/DigitalGame/AnymalsMind/Anymal Mind/sprites/sP2/layers/33d82147-aa70-4c70-8ac2-b00a34a8146f
[21-01-2026 19:10:12] Current parent directory: C:/Users/Utilizador/Documents/DDJ/DigitalGame/AnymalsMind/Anymal Mind/sprites/sP2/layers/33d82147-aa70-4c70-8ac2-b00a34a8146f
[21-01-2026 19:10:12] Checking e893d75f-bb26-4ad4-9c8c-1314699d6828.png
[21-01-2026 19:10:12] Current parent directory: C:/Users/Utilizador/Documents/DDJ/DigitalGame/AnymalsMind/Anymal Mind/sprites/sPlayer
[21-01-2026 19:10:12] Checking sPlayer.yy
[21-01-2026 19:10:12] Parsing C:/Users/Utilizador/Documents/DDJ/DigitalGame/AnymalsMind/Anymal Mind/sprites/sPlayer/sPlayer.yy
[21-01-2026 19:10:12] Reading C:/Users/Utilizador/Documents/DDJ/DigitalGame/AnymalsMind/Anymal Mind/sprites/sPlayer/sPlayer.yy
[21-01-2026 19:10:12] Par: "folders/Sprites/Animals/Player1" at dir: "C:/Users/Utilizador/Documents/DDJ/DigitalGame/AnymalsMind/Anymal Mind/sprites/sPlayer/sPlayer.yy"
[21-01-2026 19:10:12] Found Sprite: sPlayer
[21-01-2026 19:10:12] Checking layers
[21-01-2026 19:10:12] Directory: C:/Users/Utilizador/Documents/DDJ/DigitalGame/AnymalsMind/Anymal Mind/sprites/sPlayer/layers
[21-01-2026 19:10:12] Checking a8622490-958f-4022-8d78-21c17c1b56f1.png
[21-01-2026 19:10:12] Current parent directory: C:/Users/Utilizador/Documents/DDJ/DigitalGame/AnymalsMind/Anymal Mind/sprites/sPlayer/layers
[21-01-2026 19:10:12] Checking a8622490-958f-4022-8d78-21c17c1b56f1
[21-01-2026 19:10:12] Directory: C:/Users/Utilizador/Documents/DDJ/DigitalGame/AnymalsMind/Anymal Mind/sprites/sPlayer/layers/a8622490-958f-4022-8d78-21c17c1b56f1
[21-01-2026 19:10:12] Current parent directory: C:/Users/Utilizador/Documents/DDJ/DigitalGame/AnymalsMind/Anymal Mind/sprites/sPlayer/layers/a8622490-958f-4022-8d78-21c17c1b56f1
[21-01-2026 19:10:12] Checking 4aa08484-72d1-4542-bf2e-87102514f932.png
[21-01-2026 19:10:12] Current parent directory: C:/Users/Utilizador/Documents/DDJ/DigitalGame/AnymalsMind/Anymal Mind/sprites/sPlayerIdle
[21-01-2026 19:10:12] Checking sPlayerIdle.yy
[21-01-2026 19:10:12] Parsing C:/Users/Utilizador/Documents/DDJ/DigitalGame/AnymalsMind/Anymal Mind/sprites/sPlayerIdle/sPlayerIdle.yy
[21-01-2026 19:10:12] Reading C:/Users/Utilizador/Documents/DDJ/DigitalGame/AnymalsMind/Anymal Mind/sprites/sPlayerIdle/sPlayerIdle.yy
[21-01-2026 19:10:12] Par: "folders/Sprites/Animals/Player1" at dir: "C:/Users/Utilizador/Documents/DDJ/DigitalGame/AnymalsMind/Anymal Mind/sprites/sPlayerIdle/sPlayerIdle.yy"
[21-01-2026 19:10:12] Found Sprite: sPlayerIdle
[21-01-2026 19:10:12] Checking layers
[21-01-2026 19:10:12] Directory: C:/Users/Utilizador/Documents/DDJ/DigitalGame/AnymalsMind/Anymal Mind/sprites/sPlayerIdle/layers
[21-01-2026 19:10:12] Checking fadb6a07-d2f5-4410-85c5-f1451345969c.png
[21-01-2026 19:10:12] Checking c90143a0-c4bb-42a3-a70e-82e458b33f0c.png
[21-01-2026 19:10:12] Checking ba53c5ce-acb5-4123-8484-0f40f6dd9689.png
[21-01-2026 19:10:12] Checking 699d9b68-ecf3-4a4d-aa6b-32376a255768.png
[21-01-2026 19:10:12] Checking 32ec0921-769d-484f-a90a-e72edcc7794c.png
[21-01-2026 19:10:12] Checking 07d5fbcf-5896-4d0d-a76f-5efd8d611da5.png
[21-01-2026 19:10:12] Checking 030c297f-a6e6-4628-9b8b-b0b8e8e794ff.png
[21-01-2026 19:10:12] Checking 01ce0379-c1b1-44e6-9b32-c91146af9b37.png
[21-01-2026 19:10:12] Current parent directory: C:/Users/Utilizador/Documents/DDJ/DigitalGame/AnymalsMind/Anymal Mind/sprites/sPlayerIdle/layers
[21-01-2026 19:10:12] Checking fadb6a07-d2f5-4410-85c5-f1451345969c
[21-01-2026 19:10:12] Directory: C:/Users/Utilizador/Documents/DDJ/DigitalGame/AnymalsMind/Anymal Mind/sprites/sPlayerIdle/layers/fadb6a07-d2f5-4410-85c5-f1451345969c
[21-01-2026 19:10:12] Checking c90143a0-c4bb-42a3-a70e-82e458b33f0c
[21-01-2026 19:10:12] Directory: C:/Users/Utilizador/Documents/DDJ/DigitalGame/AnymalsMind/Anymal Mind/sprites/sPlayerIdle/layers/c90143a0-c4bb-42a3-a70e-82e458b33f0c
[21-01-2026 19:10:12] Checking ba53c5ce-acb5-4123-8484-0f40f6dd9689
[21-01-2026 19:10:12] Directory: C:/Users/Utilizador/Documents/DDJ/DigitalGame/AnymalsMind/Anymal Mind/sprites/sPlayerIdle/layers/ba53c5ce-acb5-4123-8484-0f40f6dd9689
[21-01-2026 19:10:12] Checking 699d9b68-ecf3-4a4d-aa6b-32376a255768
[21-01-2026 19:10:12] Directory: C:/Users/Utilizador/Documents/DDJ/DigitalGame/AnymalsMind/Anymal Mind/sprites/sPlayerIdle/layers/699d9b68-ecf3-4a4d-aa6b-32376a255768
[21-01-2026 19:10:12] Checking 32ec0921-769d-484f-a90a-e72edcc7794c
[21-01-2026 19:10:12] Directory: C:/Users/Utilizador/Documents/DDJ/DigitalGame/AnymalsMind/Anymal Mind/sprites/sPlayerIdle/layers/32ec0921-769d-484f-a90a-e72edcc7794c
[21-01-2026 19:10:12] Checking 07d5fbcf-5896-4d0d-a76f-5efd8d611da5
[21-01-2026 19:10:12] Directory: C:/Users/Utilizador/Documents/DDJ/DigitalGame/AnymalsMind/Anymal Mind/sprites/sPlayerIdle/layers/07d5fbcf-5896-4d0d-a76f-5efd8d611da5
[21-01-2026 19:10:12] Checking 030c297f-a6e6-4628-9b8b-b0b8e8e794ff
[21-01-2026 19:10:12] Directory: C:/Users/Utilizador/Documents/DDJ/DigitalGame/AnymalsMind/Anymal Mind/sprites/sPlayerIdle/layers/030c297f-a6e6-4628-9b8b-b0b8e8e794ff
[21-01-2026 19:10:12] Checking 01ce0379-c1b1-44e6-9b32-c91146af9b37
[21-01-2026 19:10:12] Directory: C:/Users/Utilizador/Documents/DDJ/DigitalGame/AnymalsMind/Anymal Mind/sprites/sPlayerIdle/layers/01ce0379-c1b1-44e6-9b32-c91146af9b37
[21-01-2026 19:10:12] Current parent directory: C:/Users/Utilizador/Documents/DDJ/DigitalGame/AnymalsMind/Anymal Mind/sprites/sPlayerIdle/layers/01ce0379-c1b1-44e6-9b32-c91146af9b37
[21-01-2026 19:10:12] Checking 2a72e675-c26a-407c-b14d-3dc441506807.png
[21-01-2026 19:10:12] Current parent directory: C:/Users/Utilizador/Documents/DDJ/DigitalGame/AnymalsMind/Anymal Mind/sprites/sPlayerIdle/layers/030c297f-a6e6-4628-9b8b-b0b8e8e794ff
[21-01-2026 19:10:12] Checking 2a72e675-c26a-407c-b14d-3dc441506807.png
[21-01-2026 19:10:12] Current parent directory: C:/Users/Utilizador/Documents/DDJ/DigitalGame/AnymalsMind/Anymal Mind/sprites/sPlayerIdle/layers/07d5fbcf-5896-4d0d-a76f-5efd8d611da5
[21-01-2026 19:10:12] Checking 2a72e675-c26a-407c-b14d-3dc441506807.png
[21-01-2026 19:10:12] Current parent directory: C:/Users/Utilizador/Documents/DDJ/DigitalGame/AnymalsMind/Anymal Mind/sprites/sPlayerIdle/layers/32ec0921-769d-484f-a90a-e72edcc7794c
[21-01-2026 19:10:12] Checking 2a72e675-c26a-407c-b14d-3dc441506807.png
[21-01-2026 19:10:12] Current parent directory: C:/Users/Utilizador/Documents/DDJ/DigitalGame/AnymalsMind/Anymal Mind/sprites/sPlayerIdle/layers/699d9b68-ecf3-4a4d-aa6b-32376a255768
[21-01-2026 19:10:12] Checking 2a72e675-c26a-407c-b14d-3dc441506807.png
[21-01-2026 19:10:12] Current parent directory: C:/Users/Utilizador/Documents/DDJ/DigitalGame/AnymalsMind/Anymal Mind/sprites/sPlayerIdle/layers/ba53c5ce-acb5-4123-8484-0f40f6dd9689
[21-01-2026 19:10:12] Checking 2a72e675-c26a-407c-b14d-3dc441506807.png
[21-01-2026 19:10:12] Current parent directory: C:/Users/Utilizador/Documents/DDJ/DigitalGame/AnymalsMind/Anymal Mind/sprites/sPlayerIdle/layers/c90143a0-c4bb-42a3-a70e-82e458b33f0c
[21-01-2026 19:10:12] Checking 2a72e675-c26a-407c-b14d-3dc441506807.png
[21-01-2026 19:10:12] Current parent directory: C:/Users/Utilizador/Documents/DDJ/DigitalGame/AnymalsMind/Anymal Mind/sprites/sPlayerIdle/layers/fadb6a07-d2f5-4410-85c5-f1451345969c
[21-01-2026 19:10:12] Checking 2a72e675-c26a-407c-b14d-3dc441506807.png
[21-01-2026 19:10:12] Current parent directory: C:/Users/Utilizador/Documents/DDJ/DigitalGame/AnymalsMind/Anymal Mind/sprites/sPlayerJumping
[21-01-2026 19:10:12] Checking sPlayerJumping.yy
[21-01-2026 19:10:12] Parsing C:/Users/Utilizador/Documents/DDJ/DigitalGame/AnymalsMind/Anymal Mind/sprites/sPlayerJumping/sPlayerJumping.yy
[21-01-2026 19:10:12] Reading C:/Users/Utilizador/Documents/DDJ/DigitalGame/AnymalsMind/Anymal Mind/sprites/sPlayerJumping/sPlayerJumping.yy
[21-01-2026 19:10:12] Par: "folders/Sprites/Animals/Player1" at dir: "C:/Users/Utilizador/Documents/DDJ/DigitalGame/AnymalsMind/Anymal Mind/sprites/sPlayerJumping/sPlayerJumping.yy"
[21-01-2026 19:10:12] Found Sprite: sPlayerJumping
[21-01-2026 19:10:12] Checking layers
[21-01-2026 19:10:12] Directory: C:/Users/Utilizador/Documents/DDJ/DigitalGame/AnymalsMind/Anymal Mind/sprites/sPlayerJumping/layers
[21-01-2026 19:10:12] Checking 33595569-3e79-40d6-807e-fd6a4d35ab1c.png
[21-01-2026 19:10:12] Checking 137dfcf3-1f00-460c-9ae8-7d29b91df3e0.png
[21-01-2026 19:10:12] Current parent directory: C:/Users/Utilizador/Documents/DDJ/DigitalGame/AnymalsMind/Anymal Mind/sprites/sPlayerJumping/layers
[21-01-2026 19:10:12] Checking 33595569-3e79-40d6-807e-fd6a4d35ab1c
[21-01-2026 19:10:12] Directory: C:/Users/Utilizador/Documents/DDJ/DigitalGame/AnymalsMind/Anymal Mind/sprites/sPlayerJumping/layers/33595569-3e79-40d6-807e-fd6a4d35ab1c
[21-01-2026 19:10:12] Checking 137dfcf3-1f00-460c-9ae8-7d29b91df3e0
[21-01-2026 19:10:12] Directory: C:/Users/Utilizador/Documents/DDJ/DigitalGame/AnymalsMind/Anymal Mind/sprites/sPlayerJumping/layers/137dfcf3-1f00-460c-9ae8-7d29b91df3e0
[21-01-2026 19:10:12] Current parent directory: C:/Users/Utilizador/Documents/DDJ/DigitalGame/AnymalsMind/Anymal Mind/sprites/sPlayerJumping/layers/137dfcf3-1f00-460c-9ae8-7d29b91df3e0
[21-01-2026 19:10:12] Checking 2545cb4a-846b-4f78-b53a-0b9a8dfa3a20.png
[21-01-2026 19:10:12] Current parent directory: C:/Users/Utilizador/Documents/DDJ/DigitalGame/AnymalsMind/Anymal Mind/sprites/sPlayerJumping/layers/33595569-3e79-40d6-807e-fd6a4d35ab1c
[21-01-2026 19:10:12] Checking 2545cb4a-846b-4f78-b53a-0b9a8dfa3a20.png
[21-01-2026 19:10:12] Current parent directory: C:/Users/Utilizador/Documents/DDJ/DigitalGame/AnymalsMind/Anymal Mind/sprites/sPlayerRunning
[21-01-2026 19:10:12] Checking sPlayerRunning.yy
[21-01-2026 19:10:12] Parsing C:/Users/Utilizador/Documents/DDJ/DigitalGame/AnymalsMind/Anymal Mind/sprites/sPlayerRunning/sPlayerRunning.yy
[21-01-2026 19:10:12] Reading C:/Users/Utilizador/Documents/DDJ/DigitalGame/AnymalsMind/Anymal Mind/sprites/sPlayerRunning/sPlayerRunning.yy
[21-01-2026 19:10:12] Par: "folders/Sprites/Animals/Player1" at dir: "C:/Users/Utilizador/Documents/DDJ/DigitalGame/AnymalsMind/Anymal Mind/sprites/sPlayerRunning/sPlayerRunning.yy"
[21-01-2026 19:10:12] Found Sprite: sPlayerRunning
[21-01-2026 19:10:12] Checking layers
[21-01-2026 19:10:12] Directory: C:/Users/Utilizador/Documents/DDJ/DigitalGame/AnymalsMind/Anymal Mind/sprites/sPlayerRunning/layers
[21-01-2026 19:10:12] Checking f25d6071-ef14-4dd1-bcc5-5dfd08659b81.png
[21-01-2026 19:10:12] Checking d55e9b8d-b899-4928-ab14-6c2612e58bce.png
[21-01-2026 19:10:12] Checking b95323ab-b520-48ff-99c9-48ded2b8d73b.png
[21-01-2026 19:10:12] Checking 8d583cd8-7417-4476-886d-cebcbcdf19a0.png
[21-01-2026 19:10:12] Checking 45e15bb3-0434-487f-b541-53bc1c77ded0.png
[21-01-2026 19:10:12] Checking 1e32c832-559f-40a5-9977-6e63cfaf9990.png
[21-01-2026 19:10:12] Checking 0e00b755-e826-4a42-af37-a6d63f5b4ef3.png
[21-01-2026 19:10:12] Checking 085be2c1-2c90-4db5-83c8-4348cfb9e8c0.png
[21-01-2026 19:10:12] Current parent directory: C:/Users/Utilizador/Documents/DDJ/DigitalGame/AnymalsMind/Anymal Mind/sprites/sPlayerRunning/layers
[21-01-2026 19:10:12] Checking f25d6071-ef14-4dd1-bcc5-5dfd08659b81
[21-01-2026 19:10:12] Directory: C:/Users/Utilizador/Documents/DDJ/DigitalGame/AnymalsMind/Anymal Mind/sprites/sPlayerRunning/layers/f25d6071-ef14-4dd1-bcc5-5dfd08659b81
[21-01-2026 19:10:12] Checking d55e9b8d-b899-4928-ab14-6c2612e58bce
[21-01-2026 19:10:12] Directory: C:/Users/Utilizador/Documents/DDJ/DigitalGame/AnymalsMind/Anymal Mind/sprites/sPlayerRunning/layers/d55e9b8d-b899-4928-ab14-6c2612e58bce
[21-01-2026 19:10:12] Checking b95323ab-b520-48ff-99c9-48ded2b8d73b
[21-01-2026 19:10:12] Directory: C:/Users/Utilizador/Documents/DDJ/DigitalGame/AnymalsMind/Anymal Mind/sprites/sPlayerRunning/layers/b95323ab-b520-48ff-99c9-48ded2b8d73b
[21-01-2026 19:10:12] Checking 8d583cd8-7417-4476-886d-cebcbcdf19a0
[21-01-2026 19:10:12] Directory: C:/Users/Utilizador/Documents/DDJ/DigitalGame/AnymalsMind/Anymal Mind/sprites/sPlayerRunning/layers/8d583cd8-7417-4476-886d-cebcbcdf19a0
[21-01-2026 19:10:12] Checking 45e15bb3-0434-487f-b541-53bc1c77ded0
[21-01-2026 19:10:12] Directory: C:/Users/Utilizador/Documents/DDJ/DigitalGame/AnymalsMind/Anymal Mind/sprites/sPlayerRunning/layers/45e15bb3-0434-487f-b541-53bc1c77ded0
[21-01-2026 19:10:12] Checking 1e32c832-559f-40a5-9977-6e63cfaf9990
[21-01-2026 19:10:12] Directory: C:/Users/Utilizador/Documents/DDJ/DigitalGame/AnymalsMind/Anymal Mind/sprites/sPlayerRunning/layers/1e32c832-559f-40a5-9977-6e63cfaf9990
[21-01-2026 19:10:12] Checking 0e00b755-e826-4a42-af37-a6d63f5b4ef3
[21-01-2026 19:10:12] Directory: C:/Users/Utilizador/Documents/DDJ/DigitalGame/AnymalsMind/Anymal Mind/sprites/sPlayerRunning/layers/0e00b755-e826-4a42-af37-a6d63f5b4ef3
[21-01-2026 19:10:12] Checking 085be2c1-2c90-4db5-83c8-4348cfb9e8c0
[21-01-2026 19:10:12] Directory: C:/Users/Utilizador/Documents/DDJ/DigitalGame/AnymalsMind/Anymal Mind/sprites/sPlayerRunning/layers/085be2c1-2c90-4db5-83c8-4348cfb9e8c0
[21-01-2026 19:10:12] Current parent directory: C:/Users/Utilizador/Documents/DDJ/DigitalGame/AnymalsMind/Anymal Mind/sprites/sPlayerRunning/layers/085be2c1-2c90-4db5-83c8-4348cfb9e8c0
[21-01-2026 19:10:12] Checking d7a3a031-e11d-4ca3-9c70-f7133232b83d.png
[21-01-2026 19:10:12] Current parent directory: C:/Users/Utilizador/Documents/DDJ/DigitalGame/AnymalsMind/Anymal Mind/sprites/sPlayerRunning/layers/0e00b755-e826-4a42-af37-a6d63f5b4ef3
[21-01-2026 19:10:12] Checking d7a3a031-e11d-4ca3-9c70-f7133232b83d.png
[21-01-2026 19:10:12] Current parent directory: C:/Users/Utilizador/Documents/DDJ/DigitalGame/AnymalsMind/Anymal Mind/sprites/sPlayerRunning/layers/1e32c832-559f-40a5-9977-6e63cfaf9990
[21-01-2026 19:10:12] Checking d7a3a031-e11d-4ca3-9c70-f7133232b83d.png
[21-01-2026 19:10:12] Current parent directory: C:/Users/Utilizador/Documents/DDJ/DigitalGame/AnymalsMind/Anymal Mind/sprites/sPlayerRunning/layers/45e15bb3-0434-487f-b541-53bc1c77ded0
[21-01-2026 19:10:12] Checking d7a3a031-e11d-4ca3-9c70-f7133232b83d.png
[21-01-2026 19:10:12] Current parent directory: C:/Users/Utilizador/Documents/DDJ/DigitalGame/AnymalsMind/Anymal Mind/sprites/sPlayerRunning/layers/8d583cd8-7417-4476-886d-cebcbcdf19a0
[21-01-2026 19:10:12] Checking d7a3a031-e11d-4ca3-9c70-f7133232b83d.png
[21-01-2026 19:10:12] Current parent directory: C:/Users/Utilizador/Documents/DDJ/DigitalGame/AnymalsMind/Anymal Mind/sprites/sPlayerRunning/layers/b95323ab-b520-48ff-99c9-48ded2b8d73b
[21-01-2026 19:10:12] Checking d7a3a031-e11d-4ca3-9c70-f7133232b83d.png
[21-01-2026 19:10:12] Current parent directory: C:/Users/Utilizador/Documents/DDJ/DigitalGame/AnymalsMind/Anymal Mind/sprites/sPlayerRunning/layers/d55e9b8d-b899-4928-ab14-6c2612e58bce
[21-01-2026 19:10:12] Checking d7a3a031-e11d-4ca3-9c70-f7133232b83d.png
[21-01-2026 19:10:12] Current parent directory: C:/Users/Utilizador/Documents/DDJ/DigitalGame/AnymalsMind/Anymal Mind/sprites/sPlayerRunning/layers/f25d6071-ef14-4dd1-bcc5-5dfd08659b81
[21-01-2026 19:10:12] Checking d7a3a031-e11d-4ca3-9c70-f7133232b83d.png
[21-01-2026 19:10:12] Current parent directory: C:/Users/Utilizador/Documents/DDJ/DigitalGame/AnymalsMind/Anymal Mind/sprites/sPlayerSpecial
[21-01-2026 19:10:12] Checking sPlayerSpecial.yy
[21-01-2026 19:10:12] Parsing C:/Users/Utilizador/Documents/DDJ/DigitalGame/AnymalsMind/Anymal Mind/sprites/sPlayerSpecial/sPlayerSpecial.yy
[21-01-2026 19:10:12] Reading C:/Users/Utilizador/Documents/DDJ/DigitalGame/AnymalsMind/Anymal Mind/sprites/sPlayerSpecial/sPlayerSpecial.yy
[21-01-2026 19:10:12] Par: "folders/Sprites/Animals/Player1" at dir: "C:/Users/Utilizador/Documents/DDJ/DigitalGame/AnymalsMind/Anymal Mind/sprites/sPlayerSpecial/sPlayerSpecial.yy"
[21-01-2026 19:10:12] Found Sprite: sPlayerSpecial
[21-01-2026 19:10:12] Checking layers
[21-01-2026 19:10:12] Directory: C:/Users/Utilizador/Documents/DDJ/DigitalGame/AnymalsMind/Anymal Mind/sprites/sPlayerSpecial/layers
[21-01-2026 19:10:12] Checking ed9a1c53-e98c-42cd-b2e0-fec65bd7309e.png
[21-01-2026 19:10:12] Checking ec7a5ac1-707e-4958-a90f-834df0e46fbb.png
[21-01-2026 19:10:12] Checking de08dc95-656e-4b99-8013-59b8e4971193.png
[21-01-2026 19:10:12] Checking d8765ac4-8b58-4a8d-ac4a-a88e441c427f.png
[21-01-2026 19:10:12] Checking 5101be19-a503-419f-9ca0-824d66fae934.png
[21-01-2026 19:10:12] Checking 4e55cba1-f328-4cb9-8a3d-0f2c3da44143.png
[21-01-2026 19:10:12] Current parent directory: C:/Users/Utilizador/Documents/DDJ/DigitalGame/AnymalsMind/Anymal Mind/sprites/sPlayerSpecial/layers
[21-01-2026 19:10:12] Checking ed9a1c53-e98c-42cd-b2e0-fec65bd7309e
[21-01-2026 19:10:12] Directory: C:/Users/Utilizador/Documents/DDJ/DigitalGame/AnymalsMind/Anymal Mind/sprites/sPlayerSpecial/layers/ed9a1c53-e98c-42cd-b2e0-fec65bd7309e
[21-01-2026 19:10:12] Checking ec7a5ac1-707e-4958-a90f-834df0e46fbb
[21-01-2026 19:10:12] Directory: C:/Users/Utilizador/Documents/DDJ/DigitalGame/AnymalsMind/Anymal Mind/sprites/sPlayerSpecial/layers/ec7a5ac1-707e-4958-a90f-834df0e46fbb
[21-01-2026 19:10:12] Checking de08dc95-656e-4b99-8013-59b8e4971193
[21-01-2026 19:10:12] Directory: C:/Users/Utilizador/Documents/DDJ/DigitalGame/AnymalsMind/Anymal Mind/sprites/sPlayerSpecial/layers/de08dc95-656e-4b99-8013-59b8e4971193
[21-01-2026 19:10:12] Checking d8765ac4-8b58-4a8d-ac4a-a88e441c427f
[21-01-2026 19:10:12] Directory: C:/Users/Utilizador/Documents/DDJ/DigitalGame/AnymalsMind/Anymal Mind/sprites/sPlayerSpecial/layers/d8765ac4-8b58-4a8d-ac4a-a88e441c427f
[21-01-2026 19:10:12] Checking 5101be19-a503-419f-9ca0-824d66fae934
[21-01-2026 19:10:12] Directory: C:/Users/Utilizador/Documents/DDJ/DigitalGame/AnymalsMind/Anymal Mind/sprites/sPlayerSpecial/layers/5101be19-a503-419f-9ca0-824d66fae934
[21-01-2026 19:10:12] Checking 4e55cba1-f328-4cb9-8a3d-0f2c3da44143
[21-01-2026 19:10:12] Directory: C:/Users/Utilizador/Documents/DDJ/DigitalGame/AnymalsMind/Anymal Mind/sprites/sPlayerSpecial/layers/4e55cba1-f328-4cb9-8a3d-0f2c3da44143
[21-01-2026 19:10:12] Current parent directory: C:/Users/Utilizador/Documents/DDJ/DigitalGame/AnymalsMind/Anymal Mind/sprites/sPlayerSpecial/layers/4e55cba1-f328-4cb9-8a3d-0f2c3da44143
[21-01-2026 19:10:12] Checking 286dbf05-a132-4301-b873-c36f3f41a2ce.png
[21-01-2026 19:10:12] Current parent directory: C:/Users/Utilizador/Documents/DDJ/DigitalGame/AnymalsMind/Anymal Mind/sprites/sPlayerSpecial/layers/5101be19-a503-419f-9ca0-824d66fae934
[21-01-2026 19:10:12] Checking 286dbf05-a132-4301-b873-c36f3f41a2ce.png
[21-01-2026 19:10:12] Current parent directory: C:/Users/Utilizador/Documents/DDJ/DigitalGame/AnymalsMind/Anymal Mind/sprites/sPlayerSpecial/layers/d8765ac4-8b58-4a8d-ac4a-a88e441c427f
[21-01-2026 19:10:12] Checking 286dbf05-a132-4301-b873-c36f3f41a2ce.png
[21-01-2026 19:10:12] Current parent directory: C:/Users/Utilizador/Documents/DDJ/DigitalGame/AnymalsMind/Anymal Mind/sprites/sPlayerSpecial/layers/de08dc95-656e-4b99-8013-59b8e4971193
[21-01-2026 19:10:12] Checking 286dbf05-a132-4301-b873-c36f3f41a2ce.png
[21-01-2026 19:10:12] Current parent directory: C:/Users/Utilizador/Documents/DDJ/DigitalGame/AnymalsMind/Anymal Mind/sprites/sPlayerSpecial/layers/ec7a5ac1-707e-4958-a90f-834df0e46fbb
[21-01-2026 19:10:12] Checking 286dbf05-a132-4301-b873-c36f3f41a2ce.png
[21-01-2026 19:10:12] Current parent directory: C:/Users/Utilizador/Documents/DDJ/DigitalGame/AnymalsMind/Anymal Mind/sprites/sPlayerSpecial/layers/ed9a1c53-e98c-42cd-b2e0-fec65bd7309e
[21-01-2026 19:10:12] Checking 286dbf05-a132-4301-b873-c36f3f41a2ce.png
[21-01-2026 19:10:12] Current parent directory: C:/Users/Utilizador/Documents/DDJ/DigitalGame/AnymalsMind/Anymal Mind/sprites/sSolid
[21-01-2026 19:10:12] Checking sSolid.yy
[21-01-2026 19:10:12] Parsing C:/Users/Utilizador/Documents/DDJ/DigitalGame/AnymalsMind/Anymal Mind/sprites/sSolid/sSolid.yy
[21-01-2026 19:10:12] Reading C:/Users/Utilizador/Documents/DDJ/DigitalGame/AnymalsMind/Anymal Mind/sprites/sSolid/sSolid.yy
[21-01-2026 19:10:12] Par: "folders/Sprites/Environment" at dir: "C:/Users/Utilizador/Documents/DDJ/DigitalGame/AnymalsMind/Anymal Mind/sprites/sSolid/sSolid.yy"
[21-01-2026 19:10:12] Found Sprite: sSolid
[21-01-2026 19:10:12] Checking layers
[21-01-2026 19:10:12] Directory: C:/Users/Utilizador/Documents/DDJ/DigitalGame/AnymalsMind/Anymal Mind/sprites/sSolid/layers
[21-01-2026 19:10:12] Checking 93dc0849-69e5-4c33-87c4-ecc6fcd60791.png
[21-01-2026 19:10:12] Current parent directory: C:/Users/Utilizador/Documents/DDJ/DigitalGame/AnymalsMind/Anymal Mind/sprites/sSolid/layers
[21-01-2026 19:10:12] Checking 93dc0849-69e5-4c33-87c4-ecc6fcd60791
[21-01-2026 19:10:12] Directory: C:/Users/Utilizador/Documents/DDJ/DigitalGame/AnymalsMind/Anymal Mind/sprites/sSolid/layers/93dc0849-69e5-4c33-87c4-ecc6fcd60791
[21-01-2026 19:10:12] Current parent directory: C:/Users/Utilizador/Documents/DDJ/DigitalGame/AnymalsMind/Anymal Mind/sprites/sSolid/layers/93dc0849-69e5-4c33-87c4-ecc6fcd60791
[21-01-2026 19:10:12] Checking 56aeb578-35a7-4478-a373-7f6ff2626009.png
[21-01-2026 19:10:12] Current parent directory: C:/Users/Utilizador/Documents/DDJ/DigitalGame/AnymalsMind/Anymal Mind/sprites/sSpike
[21-01-2026 19:10:12] Checking sSpike.yy
[21-01-2026 19:10:12] Parsing C:/Users/Utilizador/Documents/DDJ/DigitalGame/AnymalsMind/Anymal Mind/sprites/sSpike/sSpike.yy
[21-01-2026 19:10:12] Reading C:/Users/Utilizador/Documents/DDJ/DigitalGame/AnymalsMind/Anymal Mind/sprites/sSpike/sSpike.yy
[21-01-2026 19:10:12] Par: "folders/Sprites/Environment" at dir: "C:/Users/Utilizador/Documents/DDJ/DigitalGame/AnymalsMind/Anymal Mind/sprites/sSpike/sSpike.yy"
[21-01-2026 19:10:12] Found Sprite: sSpike
[21-01-2026 19:10:12] Checking layers
[21-01-2026 19:10:12] Directory: C:/Users/Utilizador/Documents/DDJ/DigitalGame/AnymalsMind/Anymal Mind/sprites/sSpike/layers
[21-01-2026 19:10:12] Checking b971ff2e-17ff-4157-b0c4-74f83bd52017.png
[21-01-2026 19:10:12] Current parent directory: C:/Users/Utilizador/Documents/DDJ/DigitalGame/AnymalsMind/Anymal Mind/sprites/sSpike/layers
[21-01-2026 19:10:12] Checking b971ff2e-17ff-4157-b0c4-74f83bd52017
[21-01-2026 19:10:12] Directory: C:/Users/Utilizador/Documents/DDJ/DigitalGame/AnymalsMind/Anymal Mind/sprites/sSpike/layers/b971ff2e-17ff-4157-b0c4-74f83bd52017
[21-01-2026 19:10:12] Current parent directory: C:/Users/Utilizador/Documents/DDJ/DigitalGame/AnymalsMind/Anymal Mind/sprites/sSpike/layers/b971ff2e-17ff-4157-b0c4-74f83bd52017
[21-01-2026 19:10:12] Checking bf115e4b-0159-4b35-8a21-b2e0cf7d550d.png
[21-01-2026 19:10:12] Current parent directory: C:/Users/Utilizador/Documents/DDJ/DigitalGame/AnymalsMind/Anymal Mind/sprites/sWater
[21-01-2026 19:10:12] Checking sWater.yy
[21-01-2026 19:10:12] Parsing C:/Users/Utilizador/Documents/DDJ/DigitalGame/AnymalsMind/Anymal Mind/sprites/sWater/sWater.yy
[21-01-2026 19:10:12] Reading C:/Users/Utilizador/Documents/DDJ/DigitalGame/AnymalsMind/Anymal Mind/sprites/sWater/sWater.yy
[21-01-2026 19:10:12] Par: "folders/Sprites/Environment" at dir: "C:/Users/Utilizador/Documents/DDJ/DigitalGame/AnymalsMind/Anymal Mind/sprites/sWater/sWater.yy"
[21-01-2026 19:10:12] Found Sprite: sWater
[21-01-2026 19:10:12] Checking layers
[21-01-2026 19:10:12] Directory: C:/Users/Utilizador/Documents/DDJ/DigitalGame/AnymalsMind/Anymal Mind/sprites/sWater/layers
[21-01-2026 19:10:12] Checking a9ef99d1-68a3-45ae-9caf-a41f4a303692.png
[21-01-2026 19:10:12] Current parent directory: C:/Users/Utilizador/Documents/DDJ/DigitalGame/AnymalsMind/Anymal Mind/sprites/sWater/layers
[21-01-2026 19:10:12] Checking a9ef99d1-68a3-45ae-9caf-a41f4a303692
[21-01-2026 19:10:12] Directory: C:/Users/Utilizador/Documents/DDJ/DigitalGame/AnymalsMind/Anymal Mind/sprites/sWater/layers/a9ef99d1-68a3-45ae-9caf-a41f4a303692
[21-01-2026 19:10:12] Current parent directory: C:/Users/Utilizador/Documents/DDJ/DigitalGame/AnymalsMind/Anymal Mind/sprites/sWater/layers/a9ef99d1-68a3-45ae-9caf-a41f4a303692
[21-01-2026 19:10:12] Checking e48d9bf5-2ec3-4cc6-9004-8b790ba016b4.png
[21-01-2026 19:10:12] Current parent directory: C:/Users/Utilizador/Documents/DDJ/DigitalGame/AnymalsMind/Anymal Mind/sprites/sWaterBubble
[21-01-2026 19:10:12] Checking sWaterBubble.yy
[21-01-2026 19:10:12] Parsing C:/Users/Utilizador/Documents/DDJ/DigitalGame/AnymalsMind/Anymal Mind/sprites/sWaterBubble/sWaterBubble.yy
[21-01-2026 19:10:12] Reading C:/Users/Utilizador/Documents/DDJ/DigitalGame/AnymalsMind/Anymal Mind/sprites/sWaterBubble/sWaterBubble.yy
[21-01-2026 19:10:12] Par: "folders/Effects/WaterBubble" at dir: "C:/Users/Utilizador/Documents/DDJ/DigitalGame/AnymalsMind/Anymal Mind/sprites/sWaterBubble/sWaterBubble.yy"
[21-01-2026 19:10:12] Found Sprite: sWaterBubble
[21-01-2026 19:10:12] Checking layers
[21-01-2026 19:10:12] Directory: C:/Users/Utilizador/Documents/DDJ/DigitalGame/AnymalsMind/Anymal Mind/sprites/sWaterBubble/layers
[21-01-2026 19:10:12] Checking 72f3e24f-101c-4d63-b13c-175cf375fd0c.png
[21-01-2026 19:10:12] Current parent directory: C:/Users/Utilizador/Documents/DDJ/DigitalGame/AnymalsMind/Anymal Mind/sprites/sWaterBubble/layers
[21-01-2026 19:10:12] Checking 72f3e24f-101c-4d63-b13c-175cf375fd0c
[21-01-2026 19:10:12] Directory: C:/Users/Utilizador/Documents/DDJ/DigitalGame/AnymalsMind/Anymal Mind/sprites/sWaterBubble/layers/72f3e24f-101c-4d63-b13c-175cf375fd0c
[21-01-2026 19:10:12] Current parent directory: C:/Users/Utilizador/Documents/DDJ/DigitalGame/AnymalsMind/Anymal Mind/sprites/sWaterBubble/layers/72f3e24f-101c-4d63-b13c-175cf375fd0c
[21-01-2026 19:10:12] Checking c2130ff8-56f3-49c0-a2b5-a25c0e26ce09.png
[21-01-2026 19:10:12] Current parent directory: C:/Users/Utilizador/Documents/DDJ/DigitalGame/AnymalsMind/Anymal Mind/sprites/sWaterSplash
[21-01-2026 19:10:12] Checking sWaterSplash.yy
[21-01-2026 19:10:12] Parsing C:/Users/Utilizador/Documents/DDJ/DigitalGame/AnymalsMind/Anymal Mind/sprites/sWaterSplash/sWaterSplash.yy
[21-01-2026 19:10:12] Reading C:/Users/Utilizador/Documents/DDJ/DigitalGame/AnymalsMind/Anymal Mind/sprites/sWaterSplash/sWaterSplash.yy
[21-01-2026 19:10:12] Par: "folders/Effects/WaterSplash" at dir: "C:/Users/Utilizador/Documents/DDJ/DigitalGame/AnymalsMind/Anymal Mind/sprites/sWaterSplash/sWaterSplash.yy"
[21-01-2026 19:10:12] Found Sprite: sWaterSplash
[21-01-2026 19:10:12] Checking layers
[21-01-2026 19:10:12] Directory: C:/Users/Utilizador/Documents/DDJ/DigitalGame/AnymalsMind/Anymal Mind/sprites/sWaterSplash/layers
[21-01-2026 19:10:12] Checking fd58a23b-26cc-4db7-a24b-3eb2660af292.png
[21-01-2026 19:10:12] Checking e7cbf110-2494-4056-8901-fcb04e229aca.png
[21-01-2026 19:10:12] Checking e1877f4e-22ab-4886-ba94-648bf41389dc.png
[21-01-2026 19:10:12] Checking dc657376-bca6-4204-90b8-e51f94dce5bc.png
[21-01-2026 19:10:12] Checking d935c406-8706-4334-b357-23f2a45b5dbb.png
[21-01-2026 19:10:12] Checking d83ba4af-7c49-4950-8cd9-53ff09b2547d.png
[21-01-2026 19:10:12] Checking d7cbee48-9ea2-42d8-ba9e-80fcccc71db2.png
[21-01-2026 19:10:12] Checking d7389658-19cd-4402-90b2-1d503c84254e.png
[21-01-2026 19:10:12] Checking ca373517-11dd-4ccd-9f4c-4a4f086be289.png
[21-01-2026 19:10:12] Checking c662a7b6-dd6c-45eb-bdd4-fb77b0bc11a9.png
[21-01-2026 19:10:12] Checking c3805d32-13d8-4e40-b8b9-9ec579694817.png
[21-01-2026 19:10:12] Checking bcea4b44-ed05-4138-b366-4275674adb32.png
[21-01-2026 19:10:12] Checking b2fb79a4-7b11-43be-b868-97ca29e6afeb.png
[21-01-2026 19:10:12] Checking b1ac7edd-d119-4631-a757-4258462e2a40.png
[21-01-2026 19:10:12] Checking b0277f63-1f00-49b3-8471-3c2f1a08fbad.png
[21-01-2026 19:10:12] Checking aae76e62-2b9f-46be-83ac-f607b96a02b5.png
[21-01-2026 19:10:12] Checking a7528512-39d8-4d81-a430-135afc5efc97.png
[21-01-2026 19:10:12] Checking a534db0c-e1c5-4749-8525-ca9bfb40d2b4.png
[21-01-2026 19:10:12] Checking a3128226-7b4a-45fe-bb7d-0bffd164863d.png
[21-01-2026 19:10:12] Checking a2918538-1e17-40f7-b2ba-66b4182708d8.png
[21-01-2026 19:10:12] Checking 8c11e54a-3be5-480e-89d7-9aad333fc5f9.png
[21-01-2026 19:10:12] Checking 8bc50d45-7b5a-41d7-b758-67213eacddb5.png
[21-01-2026 19:10:12] Checking 851a2547-1ed5-448a-8445-9c30918f0086.png
[21-01-2026 19:10:12] Checking 8480bd94-61c4-49c6-9f0c-aae19e77c367.png
[21-01-2026 19:10:12] Checking 82fb62bd-8970-450a-af0f-a5c7598e7856.png
[21-01-2026 19:10:12] Checking 81368ffd-0d29-4a2d-9878-0defdc3d29d4.png
[21-01-2026 19:10:12] Checking 7bda841f-e6fa-408b-b0f3-e039b9151b37.png
[21-01-2026 19:10:12] Checking 7ac96d52-bb52-4aea-9016-ac599909a476.png
[21-01-2026 19:10:12] Checking 7844b193-e6ba-42aa-9014-2cb1c7bcba54.png
[21-01-2026 19:10:12] Checking 781be5d4-6d65-4a33-b256-17e09beacd5d.png
[21-01-2026 19:10:12] Checking 71f40f9c-39c1-4169-abf6-809ec2a0f7a8.png
[21-01-2026 19:10:12] Checking 64b2a161-3246-48a9-ab68-f180eb62b08e.png
[21-01-2026 19:10:12] Checking 5be27891-3c1f-4a4c-8220-2922c15ea5b2.png
[21-01-2026 19:10:12] Checking 5ac24c88-4d42-434e-907c-04072f107c1d.png
[21-01-2026 19:10:12] Checking 5ab4020b-d8cb-42a3-a17e-8633c7348dc7.png
[21-01-2026 19:10:12] Checking 4abc0d87-7ab7-4383-a38d-c21279d4851f.png
[21-01-2026 19:10:12] Checking 4aaeabd9-31c7-4836-be64-b05affe4a124.png
[21-01-2026 19:10:12] Checking 43d315d3-ac69-48c4-b109-17f7a7dbb8bd.png
[21-01-2026 19:10:12] Checking 36a5a7d6-9f5d-4f02-8562-068e48243f17.png
[21-01-2026 19:10:12] Checking 348fe553-504e-478a-a50b-c3b7bac533b7.png
[21-01-2026 19:10:12] Checking 2fe7427f-6cab-441d-8b3c-d53a1f0cbe34.png
[21-01-2026 19:10:12] Checking 2878eb4e-7627-4d4b-a78a-732a7668da94.png
[21-01-2026 19:10:12] Checking 270ad6fb-85f9-4732-ad1e-a8a75e273223.png
[21-01-2026 19:10:12] Checking 1e70967f-79b4-48b8-92a8-8445149b9394.png
[21-01-2026 19:10:12] Checking 1ce8ced7-3ae9-4c2f-a283-9a855cadd571.png
[21-01-2026 19:10:12] Checking 181e5eaa-f55e-4d31-9c49-04383ab90c7b.png
[21-01-2026 19:10:12] Checking 0e7a2c8e-a8de-4484-b125-c4cd6f8fa545.png
[21-01-2026 19:10:12] Checking 059a806b-a49a-45e5-9c55-460a8c291f90.png
[21-01-2026 19:10:12] Current parent directory: C:/Users/Utilizador/Documents/DDJ/DigitalGame/AnymalsMind/Anymal Mind/sprites/sWaterSplash/layers
[21-01-2026 19:10:12] Checking fd58a23b-26cc-4db7-a24b-3eb2660af292
[21-01-2026 19:10:12] Directory: C:/Users/Utilizador/Documents/DDJ/DigitalGame/AnymalsMind/Anymal Mind/sprites/sWaterSplash/layers/fd58a23b-26cc-4db7-a24b-3eb2660af292
[21-01-2026 19:10:12] Checking e7cbf110-2494-4056-8901-fcb04e229aca
[21-01-2026 19:10:12] Directory: C:/Users/Utilizador/Documents/DDJ/DigitalGame/AnymalsMind/Anymal Mind/sprites/sWaterSplash/layers/e7cbf110-2494-4056-8901-fcb04e229aca
[21-01-2026 19:10:12] Checking e1877f4e-22ab-4886-ba94-648bf41389dc
[21-01-2026 19:10:12] Directory: C:/Users/Utilizador/Documents/DDJ/DigitalGame/AnymalsMind/Anymal Mind/sprites/sWaterSplash/layers/e1877f4e-22ab-4886-ba94-648bf41389dc
[21-01-2026 19:10:12] Checking dc657376-bca6-4204-90b8-e51f94dce5bc
[21-01-2026 19:10:12] Directory: C:/Users/Utilizador/Documents/DDJ/DigitalGame/AnymalsMind/Anymal Mind/sprites/sWaterSplash/layers/dc657376-bca6-4204-90b8-e51f94dce5bc
[21-01-2026 19:10:12] Checking d935c406-8706-4334-b357-23f2a45b5dbb
[21-01-2026 19:10:12] Directory: C:/Users/Utilizador/Documents/DDJ/DigitalGame/AnymalsMind/Anymal Mind/sprites/sWaterSplash/layers/d935c406-8706-4334-b357-23f2a45b5dbb
[21-01-2026 19:10:12] Checking d83ba4af-7c49-4950-8cd9-53ff09b2547d
[21-01-2026 19:10:12] Directory: C:/Users/Utilizador/Documents/DDJ/DigitalGame/AnymalsMind/Anymal Mind/sprites/sWaterSplash/layers/d83ba4af-7c49-4950-8cd9-53ff09b2547d
[21-01-2026 19:10:12] Checking d7cbee48-9ea2-42d8-ba9e-80fcccc71db2
[21-01-2026 19:10:12] Directory: C:/Users/Utilizador/Documents/DDJ/DigitalGame/AnymalsMind/Anymal Mind/sprites/sWaterSplash/layers/d7cbee48-9ea2-42d8-ba9e-80fcccc71db2
[21-01-2026 19:10:12] Checking d7389658-19cd-4402-90b2-1d503c84254e
[21-01-2026 19:10:12] Directory: C:/Users/Utilizador/Documents/DDJ/DigitalGame/AnymalsMind/Anymal Mind/sprites/sWaterSplash/layers/d7389658-19cd-4402-90b2-1d503c84254e
[21-01-2026 19:10:12] Checking ca373517-11dd-4ccd-9f4c-4a4f086be289
[21-01-2026 19:10:12] Directory: C:/Users/Utilizador/Documents/DDJ/DigitalGame/AnymalsMind/Anymal Mind/sprites/sWaterSplash/layers/ca373517-11dd-4ccd-9f4c-4a4f086be289
[21-01-2026 19:10:12] Checking c662a7b6-dd6c-45eb-bdd4-fb77b0bc11a9
[21-01-2026 19:10:12] Directory: C:/Users/Utilizador/Documents/DDJ/DigitalGame/AnymalsMind/Anymal Mind/sprites/sWaterSplash/layers/c662a7b6-dd6c-45eb-bdd4-fb77b0bc11a9
[21-01-2026 19:10:12] Checking c3805d32-13d8-4e40-b8b9-9ec579694817
[21-01-2026 19:10:12] Directory: C:/Users/Utilizador/Documents/DDJ/DigitalGame/AnymalsMind/Anymal Mind/sprites/sWaterSplash/layers/c3805d32-13d8-4e40-b8b9-9ec579694817
[21-01-2026 19:10:12] Checking bcea4b44-ed05-4138-b366-4275674adb32
[21-01-2026 19:10:12] Directory: C:/Users/Utilizador/Documents/DDJ/DigitalGame/AnymalsMind/Anymal Mind/sprites/sWaterSplash/layers/bcea4b44-ed05-4138-b366-4275674adb32
[21-01-2026 19:10:12] Checking b2fb79a4-7b11-43be-b868-97ca29e6afeb
[21-01-2026 19:10:12] Directory: C:/Users/Utilizador/Documents/DDJ/DigitalGame/AnymalsMind/Anymal Mind/sprites/sWaterSplash/layers/b2fb79a4-7b11-43be-b868-97ca29e6afeb
[21-01-2026 19:10:12] Checking b1ac7edd-d119-4631-a757-4258462e2a40
[21-01-2026 19:10:12] Directory: C:/Users/Utilizador/Documents/DDJ/DigitalGame/AnymalsMind/Anymal Mind/sprites/sWaterSplash/layers/b1ac7edd-d119-4631-a757-4258462e2a40
[21-01-2026 19:10:12] Checking b0277f63-1f00-49b3-8471-3c2f1a08fbad
[21-01-2026 19:10:12] Directory: C:/Users/Utilizador/Documents/DDJ/DigitalGame/AnymalsMind/Anymal Mind/sprites/sWaterSplash/layers/b0277f63-1f00-49b3-8471-3c2f1a08fbad
[21-01-2026 19:10:12] Checking aae76e62-2b9f-46be-83ac-f607b96a02b5
[21-01-2026 19:10:12] Directory: C:/Users/Utilizador/Documents/DDJ/DigitalGame/AnymalsMind/Anymal Mind/sprites/sWaterSplash/layers/aae76e62-2b9f-46be-83ac-f607b96a02b5
[21-01-2026 19:10:12] Checking a7528512-39d8-4d81-a430-135afc5efc97
[21-01-2026 19:10:12] Directory: C:/Users/Utilizador/Documents/DDJ/DigitalGame/AnymalsMind/Anymal Mind/sprites/sWaterSplash/layers/a7528512-39d8-4d81-a430-135afc5efc97
[21-01-2026 19:10:12] Checking a534db0c-e1c5-4749-8525-ca9bfb40d2b4
[21-01-2026 19:10:12] Directory: C:/Users/Utilizador/Documents/DDJ/DigitalGame/AnymalsMind/Anymal Mind/sprites/sWaterSplash/layers/a534db0c-e1c5-4749-8525-ca9bfb40d2b4
[21-01-2026 19:10:12] Checking a3128226-7b4a-45fe-bb7d-0bffd164863d
[21-01-2026 19:10:12] Directory: C:/Users/Utilizador/Documents/DDJ/DigitalGame/AnymalsMind/Anymal Mind/sprites/sWaterSplash/layers/a3128226-7b4a-45fe-bb7d-0bffd164863d
[21-01-2026 19:10:12] Checking a2918538-1e17-40f7-b2ba-66b4182708d8
[21-01-2026 19:10:12] Directory: C:/Users/Utilizador/Documents/DDJ/DigitalGame/AnymalsMind/Anymal Mind/sprites/sWaterSplash/layers/a2918538-1e17-40f7-b2ba-66b4182708d8
[21-01-2026 19:10:12] Checking 8c11e54a-3be5-480e-89d7-9aad333fc5f9
[21-01-2026 19:10:12] Directory: C:/Users/Utilizador/Documents/DDJ/DigitalGame/AnymalsMind/Anymal Mind/sprites/sWaterSplash/layers/8c11e54a-3be5-480e-89d7-9aad333fc5f9
[21-01-2026 19:10:12] Checking 8bc50d45-7b5a-41d7-b758-67213eacddb5
[21-01-2026 19:10:12] Directory: C:/Users/Utilizador/Documents/DDJ/DigitalGame/AnymalsMind/Anymal Mind/sprites/sWaterSplash/layers/8bc50d45-7b5a-41d7-b758-67213eacddb5
[21-01-2026 19:10:12] Checking 851a2547-1ed5-448a-8445-9c30918f0086
[21-01-2026 19:10:12] Directory: C:/Users/Utilizador/Documents/DDJ/DigitalGame/AnymalsMind/Anymal Mind/sprites/sWaterSplash/layers/851a2547-1ed5-448a-8445-9c30918f0086
[21-01-2026 19:10:12] Checking 8480bd94-61c4-49c6-9f0c-aae19e77c367
[21-01-2026 19:10:12] Directory: C:/Users/Utilizador/Documents/DDJ/DigitalGame/AnymalsMind/Anymal Mind/sprites/sWaterSplash/layers/8480bd94-61c4-49c6-9f0c-aae19e77c367
[21-01-2026 19:10:12] Checking 82fb62bd-8970-450a-af0f-a5c7598e7856
[21-01-2026 19:10:12] Directory: C:/Users/Utilizador/Documents/DDJ/DigitalGame/AnymalsMind/Anymal Mind/sprites/sWaterSplash/layers/82fb62bd-8970-450a-af0f-a5c7598e7856
[21-01-2026 19:10:12] Checking 81368ffd-0d29-4a2d-9878-0defdc3d29d4
[21-01-2026 19:10:12] Directory: C:/Users/Utilizador/Documents/DDJ/DigitalGame/AnymalsMind/Anymal Mind/sprites/sWaterSplash/layers/81368ffd-0d29-4a2d-9878-0defdc3d29d4
[21-01-2026 19:10:12] Checking 7bda841f-e6fa-408b-b0f3-e039b9151b37
[21-01-2026 19:10:12] Directory: C:/Users/Utilizador/Documents/DDJ/DigitalGame/AnymalsMind/Anymal Mind/sprites/sWaterSplash/layers/7bda841f-e6fa-408b-b0f3-e039b9151b37
[21-01-2026 19:10:12] Checking 7ac96d52-bb52-4aea-9016-ac599909a476
[21-01-2026 19:10:12] Directory: C:/Users/Utilizador/Documents/DDJ/DigitalGame/AnymalsMind/Anymal Mind/sprites/sWaterSplash/layers/7ac96d52-bb52-4aea-9016-ac599909a476
[21-01-2026 19:10:12] Checking 7844b193-e6ba-42aa-9014-2cb1c7bcba54
[21-01-2026 19:10:12] Directory: C:/Users/Utilizador/Documents/DDJ/DigitalGame/AnymalsMind/Anymal Mind/sprites/sWaterSplash/layers/7844b193-e6ba-42aa-9014-2cb1c7bcba54
[21-01-2026 19:10:12] Checking 781be5d4-6d65-4a33-b256-17e09beacd5d
[21-01-2026 19:10:12] Directory: C:/Users/Utilizador/Documents/DDJ/DigitalGame/AnymalsMind/Anymal Mind/sprites/sWaterSplash/layers/781be5d4-6d65-4a33-b256-17e09beacd5d
[21-01-2026 19:10:12] Checking 71f40f9c-39c1-4169-abf6-809ec2a0f7a8
[21-01-2026 19:10:12] Directory: C:/Users/Utilizador/Documents/DDJ/DigitalGame/AnymalsMind/Anymal Mind/sprites/sWaterSplash/layers/71f40f9c-39c1-4169-abf6-809ec2a0f7a8
[21-01-2026 19:10:12] Checking 64b2a161-3246-48a9-ab68-f180eb62b08e
[21-01-2026 19:10:12] Directory: C:/Users/Utilizador/Documents/DDJ/DigitalGame/AnymalsMind/Anymal Mind/sprites/sWaterSplash/layers/64b2a161-3246-48a9-ab68-f180eb62b08e
[21-01-2026 19:10:12] Checking 5be27891-3c1f-4a4c-8220-2922c15ea5b2
[21-01-2026 19:10:12] Directory: C:/Users/Utilizador/Documents/DDJ/DigitalGame/AnymalsMind/Anymal Mind/sprites/sWaterSplash/layers/5be27891-3c1f-4a4c-8220-2922c15ea5b2
[21-01-2026 19:10:12] Checking 5ac24c88-4d42-434e-907c-04072f107c1d
[21-01-2026 19:10:12] Directory: C:/Users/Utilizador/Documents/DDJ/DigitalGame/AnymalsMind/Anymal Mind/sprites/sWaterSplash/layers/5ac24c88-4d42-434e-907c-04072f107c1d
[21-01-2026 19:10:12] Checking 5ab4020b-d8cb-42a3-a17e-8633c7348dc7
[21-01-2026 19:10:12] Directory: C:/Users/Utilizador/Documents/DDJ/DigitalGame/AnymalsMind/Anymal Mind/sprites/sWaterSplash/layers/5ab4020b-d8cb-42a3-a17e-8633c7348dc7
[21-01-2026 19:10:12] Checking 4abc0d87-7ab7-4383-a38d-c21279d4851f
[21-01-2026 19:10:12] Directory: C:/Users/Utilizador/Documents/DDJ/DigitalGame/AnymalsMind/Anymal Mind/sprites/sWaterSplash/layers/4abc0d87-7ab7-4383-a38d-c21279d4851f
[21-01-2026 19:10:12] Checking 4aaeabd9-31c7-4836-be64-b05affe4a124
[21-01-2026 19:10:12] Directory: C:/Users/Utilizador/Documents/DDJ/DigitalGame/AnymalsMind/Anymal Mind/sprites/sWaterSplash/layers/4aaeabd9-31c7-4836-be64-b05affe4a124
[21-01-2026 19:10:12] Checking 43d315d3-ac69-48c4-b109-17f7a7dbb8bd
[21-01-2026 19:10:12] Directory: C:/Users/Utilizador/Documents/DDJ/DigitalGame/AnymalsMind/Anymal Mind/sprites/sWaterSplash/layers/43d315d3-ac69-48c4-b109-17f7a7dbb8bd
[21-01-2026 19:10:12] Checking 36a5a7d6-9f5d-4f02-8562-068e48243f17
[21-01-2026 19:10:12] Directory: C:/Users/Utilizador/Documents/DDJ/DigitalGame/AnymalsMind/Anymal Mind/sprites/sWaterSplash/layers/36a5a7d6-9f5d-4f02-8562-068e48243f17
[21-01-2026 19:10:12] Checking 348fe553-504e-478a-a50b-c3b7bac533b7
[21-01-2026 19:10:12] Directory: C:/Users/Utilizador/Documents/DDJ/DigitalGame/AnymalsMind/Anymal Mind/sprites/sWaterSplash/layers/348fe553-504e-478a-a50b-c3b7bac533b7
[21-01-2026 19:10:12] Checking 2fe7427f-6cab-441d-8b3c-d53a1f0cbe34
[21-01-2026 19:10:12] Directory: C:/Users/Utilizador/Documents/DDJ/DigitalGame/AnymalsMind/Anymal Mind/sprites/sWaterSplash/layers/2fe7427f-6cab-441d-8b3c-d53a1f0cbe34
[21-01-2026 19:10:12] Checking 2878eb4e-7627-4d4b-a78a-732a7668da94
[21-01-2026 19:10:12] Directory: C:/Users/Utilizador/Documents/DDJ/DigitalGame/AnymalsMind/Anymal Mind/sprites/sWaterSplash/layers/2878eb4e-7627-4d4b-a78a-732a7668da94
[21-01-2026 19:10:12] Checking 270ad6fb-85f9-4732-ad1e-a8a75e273223
[21-01-2026 19:10:12] Directory: C:/Users/Utilizador/Documents/DDJ/DigitalGame/AnymalsMind/Anymal Mind/sprites/sWaterSplash/layers/270ad6fb-85f9-4732-ad1e-a8a75e273223
[21-01-2026 19:10:12] Checking 1e70967f-79b4-48b8-92a8-8445149b9394
[21-01-2026 19:10:12] Directory: C:/Users/Utilizador/Documents/DDJ/DigitalGame/AnymalsMind/Anymal Mind/sprites/sWaterSplash/layers/1e70967f-79b4-48b8-92a8-8445149b9394
[21-01-2026 19:10:12] Checking 1ce8ced7-3ae9-4c2f-a283-9a855cadd571
[21-01-2026 19:10:12] Directory: C:/Users/Utilizador/Documents/DDJ/DigitalGame/AnymalsMind/Anymal Mind/sprites/sWaterSplash/layers/1ce8ced7-3ae9-4c2f-a283-9a855cadd571
[21-01-2026 19:10:12] Checking 181e5eaa-f55e-4d31-9c49-04383ab90c7b
[21-01-2026 19:10:12] Directory: C:/Users/Utilizador/Documents/DDJ/DigitalGame/AnymalsMind/Anymal Mind/sprites/sWaterSplash/layers/181e5eaa-f55e-4d31-9c49-04383ab90c7b
[21-01-2026 19:10:12] Checking 0e7a2c8e-a8de-4484-b125-c4cd6f8fa545
[21-01-2026 19:10:12] Directory: C:/Users/Utilizador/Documents/DDJ/DigitalGame/AnymalsMind/Anymal Mind/sprites/sWaterSplash/layers/0e7a2c8e-a8de-4484-b125-c4cd6f8fa545
[21-01-2026 19:10:12] Checking 059a806b-a49a-45e5-9c55-460a8c291f90
[21-01-2026 19:10:12] Directory: C:/Users/Utilizador/Documents/DDJ/DigitalGame/AnymalsMind/Anymal Mind/sprites/sWaterSplash/layers/059a806b-a49a-45e5-9c55-460a8c291f90
[21-01-2026 19:10:12] Current parent directory: C:/Users/Utilizador/Documents/DDJ/DigitalGame/AnymalsMind/Anymal Mind/sprites/sWaterSplash/layers/059a806b-a49a-45e5-9c55-460a8c291f90
[21-01-2026 19:10:12] Checking b96cc312-baaa-4f7c-8dd2-079455632a25.png
[21-01-2026 19:10:12] Current parent directory: C:/Users/Utilizador/Documents/DDJ/DigitalGame/AnymalsMind/Anymal Mind/sprites/sWaterSplash/layers/0e7a2c8e-a8de-4484-b125-c4cd6f8fa545
[21-01-2026 19:10:12] Checking b96cc312-baaa-4f7c-8dd2-079455632a25.png
[21-01-2026 19:10:12] Current parent directory: C:/Users/Utilizador/Documents/DDJ/DigitalGame/AnymalsMind/Anymal Mind/sprites/sWaterSplash/layers/181e5eaa-f55e-4d31-9c49-04383ab90c7b
[21-01-2026 19:10:12] Checking b96cc312-baaa-4f7c-8dd2-079455632a25.png
[21-01-2026 19:10:12] Current parent directory: C:/Users/Utilizador/Documents/DDJ/DigitalGame/AnymalsMind/Anymal Mind/sprites/sWaterSplash/layers/1ce8ced7-3ae9-4c2f-a283-9a855cadd571
[21-01-2026 19:10:12] Checking b96cc312-baaa-4f7c-8dd2-079455632a25.png
[21-01-2026 19:10:12] Current parent directory: C:/Users/Utilizador/Documents/DDJ/DigitalGame/AnymalsMind/Anymal Mind/sprites/sWaterSplash/layers/1e70967f-79b4-48b8-92a8-8445149b9394
[21-01-2026 19:10:12] Checking b96cc312-baaa-4f7c-8dd2-079455632a25.png
[21-01-2026 19:10:12] Current parent directory: C:/Users/Utilizador/Documents/DDJ/DigitalGame/AnymalsMind/Anymal Mind/sprites/sWaterSplash/layers/270ad6fb-85f9-4732-ad1e-a8a75e273223
[21-01-2026 19:10:12] Checking b96cc312-baaa-4f7c-8dd2-079455632a25.png
[21-01-2026 19:10:12] Current parent directory: C:/Users/Utilizador/Documents/DDJ/DigitalGame/AnymalsMind/Anymal Mind/sprites/sWaterSplash/layers/2878eb4e-7627-4d4b-a78a-732a7668da94
[21-01-2026 19:10:12] Checking b96cc312-baaa-4f7c-8dd2-079455632a25.png
[21-01-2026 19:10:12] Current parent directory: C:/Users/Utilizador/Documents/DDJ/DigitalGame/AnymalsMind/Anymal Mind/sprites/sWaterSplash/layers/2fe7427f-6cab-441d-8b3c-d53a1f0cbe34
[21-01-2026 19:10:12] Checking b96cc312-baaa-4f7c-8dd2-079455632a25.png
[21-01-2026 19:10:12] Current parent directory: C:/Users/Utilizador/Documents/DDJ/DigitalGame/AnymalsMind/Anymal Mind/sprites/sWaterSplash/layers/348fe553-504e-478a-a50b-c3b7bac533b7
[21-01-2026 19:10:12] Checking b96cc312-baaa-4f7c-8dd2-079455632a25.png
[21-01-2026 19:10:12] Current parent directory: C:/Users/Utilizador/Documents/DDJ/DigitalGame/AnymalsMind/Anymal Mind/sprites/sWaterSplash/layers/36a5a7d6-9f5d-4f02-8562-068e48243f17
[21-01-2026 19:10:12] Checking b96cc312-baaa-4f7c-8dd2-079455632a25.png
[21-01-2026 19:10:12] Current parent directory: C:/Users/Utilizador/Documents/DDJ/DigitalGame/AnymalsMind/Anymal Mind/sprites/sWaterSplash/layers/43d315d3-ac69-48c4-b109-17f7a7dbb8bd
[21-01-2026 19:10:12] Checking b96cc312-baaa-4f7c-8dd2-079455632a25.png
[21-01-2026 19:10:12] Current parent directory: C:/Users/Utilizador/Documents/DDJ/DigitalGame/AnymalsMind/Anymal Mind/sprites/sWaterSplash/layers/4aaeabd9-31c7-4836-be64-b05affe4a124
[21-01-2026 19:10:12] Checking b96cc312-baaa-4f7c-8dd2-079455632a25.png
[21-01-2026 19:10:12] Current parent directory: C:/Users/Utilizador/Documents/DDJ/DigitalGame/AnymalsMind/Anymal Mind/sprites/sWaterSplash/layers/4abc0d87-7ab7-4383-a38d-c21279d4851f
[21-01-2026 19:10:12] Checking b96cc312-baaa-4f7c-8dd2-079455632a25.png
[21-01-2026 19:10:12] Current parent directory: C:/Users/Utilizador/Documents/DDJ/DigitalGame/AnymalsMind/Anymal Mind/sprites/sWaterSplash/layers/5ab4020b-d8cb-42a3-a17e-8633c7348dc7
[21-01-2026 19:10:12] Checking b96cc312-baaa-4f7c-8dd2-079455632a25.png
[21-01-2026 19:10:12] Current parent directory: C:/Users/Utilizador/Documents/DDJ/DigitalGame/AnymalsMind/Anymal Mind/sprites/sWaterSplash/layers/5ac24c88-4d42-434e-907c-04072f107c1d
[21-01-2026 19:10:12] Checking b96cc312-baaa-4f7c-8dd2-079455632a25.png
[21-01-2026 19:10:12] Current parent directory: C:/Users/Utilizador/Documents/DDJ/DigitalGame/AnymalsMind/Anymal Mind/sprites/sWaterSplash/layers/5be27891-3c1f-4a4c-8220-2922c15ea5b2
[21-01-2026 19:10:12] Checking b96cc312-baaa-4f7c-8dd2-079455632a25.png
[21-01-2026 19:10:12] Current parent directory: C:/Users/Utilizador/Documents/DDJ/DigitalGame/AnymalsMind/Anymal Mind/sprites/sWaterSplash/layers/64b2a161-3246-48a9-ab68-f180eb62b08e
[21-01-2026 19:10:12] Checking b96cc312-baaa-4f7c-8dd2-079455632a25.png
[21-01-2026 19:10:12] Current parent directory: C:/Users/Utilizador/Documents/DDJ/DigitalGame/AnymalsMind/Anymal Mind/sprites/sWaterSplash/layers/71f40f9c-39c1-4169-abf6-809ec2a0f7a8
[21-01-2026 19:10:12] Checking b96cc312-baaa-4f7c-8dd2-079455632a25.png
[21-01-2026 19:10:12] Current parent directory: C:/Users/Utilizador/Documents/DDJ/DigitalGame/AnymalsMind/Anymal Mind/sprites/sWaterSplash/layers/781be5d4-6d65-4a33-b256-17e09beacd5d
[21-01-2026 19:10:12] Checking b96cc312-baaa-4f7c-8dd2-079455632a25.png
[21-01-2026 19:10:12] Current parent directory: C:/Users/Utilizador/Documents/DDJ/DigitalGame/AnymalsMind/Anymal Mind/sprites/sWaterSplash/layers/7844b193-e6ba-42aa-9014-2cb1c7bcba54
[21-01-2026 19:10:12] Checking b96cc312-baaa-4f7c-8dd2-079455632a25.png
[21-01-2026 19:10:12] Current parent directory: C:/Users/Utilizador/Documents/DDJ/DigitalGame/AnymalsMind/Anymal Mind/sprites/sWaterSplash/layers/7ac96d52-bb52-4aea-9016-ac599909a476
[21-01-2026 19:10:12] Checking b96cc312-baaa-4f7c-8dd2-079455632a25.png
[21-01-2026 19:10:12] Current parent directory: C:/Users/Utilizador/Documents/DDJ/DigitalGame/AnymalsMind/Anymal Mind/sprites/sWaterSplash/layers/7bda841f-e6fa-408b-b0f3-e039b9151b37
[21-01-2026 19:10:12] Checking b96cc312-baaa-4f7c-8dd2-079455632a25.png
[21-01-2026 19:10:12] Current parent directory: C:/Users/Utilizador/Documents/DDJ/DigitalGame/AnymalsMind/Anymal Mind/sprites/sWaterSplash/layers/81368ffd-0d29-4a2d-9878-0defdc3d29d4
[21-01-2026 19:10:12] Checking b96cc312-baaa-4f7c-8dd2-079455632a25.png
[21-01-2026 19:10:12] Current parent directory: C:/Users/Utilizador/Documents/DDJ/DigitalGame/AnymalsMind/Anymal Mind/sprites/sWaterSplash/layers/82fb62bd-8970-450a-af0f-a5c7598e7856
[21-01-2026 19:10:12] Checking b96cc312-baaa-4f7c-8dd2-079455632a25.png
[21-01-2026 19:10:12] Current parent directory: C:/Users/Utilizador/Documents/DDJ/DigitalGame/AnymalsMind/Anymal Mind/sprites/sWaterSplash/layers/8480bd94-61c4-49c6-9f0c-aae19e77c367
[21-01-2026 19:10:12] Checking b96cc312-baaa-4f7c-8dd2-079455632a25.png
[21-01-2026 19:10:12] Current parent directory: C:/Users/Utilizador/Documents/DDJ/DigitalGame/AnymalsMind/Anymal Mind/sprites/sWaterSplash/layers/851a2547-1ed5-448a-8445-9c30918f0086
[21-01-2026 19:10:12] Checking b96cc312-baaa-4f7c-8dd2-079455632a25.png
[21-01-2026 19:10:12] Current parent directory: C:/Users/Utilizador/Documents/DDJ/DigitalGame/AnymalsMind/Anymal Mind/sprites/sWaterSplash/layers/8bc50d45-7b5a-41d7-b758-67213eacddb5
[21-01-2026 19:10:12] Checking b96cc312-baaa-4f7c-8dd2-079455632a25.png
[21-01-2026 19:10:12] Current parent directory: C:/Users/Utilizador/Documents/DDJ/DigitalGame/AnymalsMind/Anymal Mind/sprites/sWaterSplash/layers/8c11e54a-3be5-480e-89d7-9aad333fc5f9
[21-01-2026 19:10:12] Checking b96cc312-baaa-4f7c-8dd2-079455632a25.png
[21-01-2026 19:10:12] Current parent directory: C:/Users/Utilizador/Documents/DDJ/DigitalGame/AnymalsMind/Anymal Mind/sprites/sWaterSplash/layers/a2918538-1e17-40f7-b2ba-66b4182708d8
[21-01-2026 19:10:12] Checking b96cc312-baaa-4f7c-8dd2-079455632a25.png
[21-01-2026 19:10:12] Current parent directory: C:/Users/Utilizador/Documents/DDJ/DigitalGame/AnymalsMind/Anymal Mind/sprites/sWaterSplash/layers/a3128226-7b4a-45fe-bb7d-0bffd164863d
[21-01-2026 19:10:12] Checking b96cc312-baaa-4f7c-8dd2-079455632a25.png
[21-01-2026 19:10:12] Current parent directory: C:/Users/Utilizador/Documents/DDJ/DigitalGame/AnymalsMind/Anymal Mind/sprites/sWaterSplash/layers/a534db0c-e1c5-4749-8525-ca9bfb40d2b4
[21-01-2026 19:10:12] Checking b96cc312-baaa-4f7c-8dd2-079455632a25.png
[21-01-2026 19:10:12] Current parent directory: C:/Users/Utilizador/Documents/DDJ/DigitalGame/AnymalsMind/Anymal Mind/sprites/sWaterSplash/layers/a7528512-39d8-4d81-a430-135afc5efc97
[21-01-2026 19:10:12] Checking b96cc312-baaa-4f7c-8dd2-079455632a25.png
[21-01-2026 19:10:12] Current parent directory: C:/Users/Utilizador/Documents/DDJ/DigitalGame/AnymalsMind/Anymal Mind/sprites/sWaterSplash/layers/aae76e62-2b9f-46be-83ac-f607b96a02b5
[21-01-2026 19:10:12] Checking b96cc312-baaa-4f7c-8dd2-079455632a25.png
[21-01-2026 19:10:12] Current parent directory: C:/Users/Utilizador/Documents/DDJ/DigitalGame/AnymalsMind/Anymal Mind/sprites/sWaterSplash/layers/b0277f63-1f00-49b3-8471-3c2f1a08fbad
[21-01-2026 19:10:12] Checking b96cc312-baaa-4f7c-8dd2-079455632a25.png
[21-01-2026 19:10:12] Current parent directory: C:/Users/Utilizador/Documents/DDJ/DigitalGame/AnymalsMind/Anymal Mind/sprites/sWaterSplash/layers/b1ac7edd-d119-4631-a757-4258462e2a40
[21-01-2026 19:10:12] Checking b96cc312-baaa-4f7c-8dd2-079455632a25.png
[21-01-2026 19:10:12] Current parent directory: C:/Users/Utilizador/Documents/DDJ/DigitalGame/AnymalsMind/Anymal Mind/sprites/sWaterSplash/layers/b2fb79a4-7b11-43be-b868-97ca29e6afeb
[21-01-2026 19:10:12] Checking b96cc312-baaa-4f7c-8dd2-079455632a25.png
[21-01-2026 19:10:12] Current parent directory: C:/Users/Utilizador/Documents/DDJ/DigitalGame/AnymalsMind/Anymal Mind/sprites/sWaterSplash/layers/bcea4b44-ed05-4138-b366-4275674adb32
[21-01-2026 19:10:12] Checking b96cc312-baaa-4f7c-8dd2-079455632a25.png
[21-01-2026 19:10:12] Current parent directory: C:/Users/Utilizador/Documents/DDJ/DigitalGame/AnymalsMind/Anymal Mind/sprites/sWaterSplash/layers/c3805d32-13d8-4e40-b8b9-9ec579694817
[21-01-2026 19:10:12] Checking b96cc312-baaa-4f7c-8dd2-079455632a25.png
[21-01-2026 19:10:12] Current parent directory: C:/Users/Utilizador/Documents/DDJ/DigitalGame/AnymalsMind/Anymal Mind/sprites/sWaterSplash/layers/c662a7b6-dd6c-45eb-bdd4-fb77b0bc11a9
[21-01-2026 19:10:12] Checking b96cc312-baaa-4f7c-8dd2-079455632a25.png
[21-01-2026 19:10:12] Current parent directory: C:/Users/Utilizador/Documents/DDJ/DigitalGame/AnymalsMind/Anymal Mind/sprites/sWaterSplash/layers/ca373517-11dd-4ccd-9f4c-4a4f086be289
[21-01-2026 19:10:12] Checking b96cc312-baaa-4f7c-8dd2-079455632a25.png
[21-01-2026 19:10:12] Current parent directory: C:/Users/Utilizador/Documents/DDJ/DigitalGame/AnymalsMind/Anymal Mind/sprites/sWaterSplash/layers/d7389658-19cd-4402-90b2-1d503c84254e
[21-01-2026 19:10:12] Checking b96cc312-baaa-4f7c-8dd2-079455632a25.png
[21-01-2026 19:10:12] Current parent directory: C:/Users/Utilizador/Documents/DDJ/DigitalGame/AnymalsMind/Anymal Mind/sprites/sWaterSplash/layers/d7cbee48-9ea2-42d8-ba9e-80fcccc71db2
[21-01-2026 19:10:12] Checking b96cc312-baaa-4f7c-8dd2-079455632a25.png
[21-01-2026 19:10:12] Current parent directory: C:/Users/Utilizador/Documents/DDJ/DigitalGame/AnymalsMind/Anymal Mind/sprites/sWaterSplash/layers/d83ba4af-7c49-4950-8cd9-53ff09b2547d
[21-01-2026 19:10:12] Checking b96cc312-baaa-4f7c-8dd2-079455632a25.png
[21-01-2026 19:10:12] Current parent directory: C:/Users/Utilizador/Documents/DDJ/DigitalGame/AnymalsMind/Anymal Mind/sprites/sWaterSplash/layers/d935c406-8706-4334-b357-23f2a45b5dbb
[21-01-2026 19:10:12] Checking b96cc312-baaa-4f7c-8dd2-079455632a25.png
[21-01-2026 19:10:12] Current parent directory: C:/Users/Utilizador/Documents/DDJ/DigitalGame/AnymalsMind/Anymal Mind/sprites/sWaterSplash/layers/dc657376-bca6-4204-90b8-e51f94dce5bc
[21-01-2026 19:10:12] Checking b96cc312-baaa-4f7c-8dd2-079455632a25.png
[21-01-2026 19:10:12] Current parent directory: C:/Users/Utilizador/Documents/DDJ/DigitalGame/AnymalsMind/Anymal Mind/sprites/sWaterSplash/layers/e1877f4e-22ab-4886-ba94-648bf41389dc
[21-01-2026 19:10:12] Checking b96cc312-baaa-4f7c-8dd2-079455632a25.png
[21-01-2026 19:10:12] Current parent directory: C:/Users/Utilizador/Documents/DDJ/DigitalGame/AnymalsMind/Anymal Mind/sprites/sWaterSplash/layers/e7cbf110-2494-4056-8901-fcb04e229aca
[21-01-2026 19:10:12] Checking b96cc312-baaa-4f7c-8dd2-079455632a25.png
[21-01-2026 19:10:12] Current parent directory: C:/Users/Utilizador/Documents/DDJ/DigitalGame/AnymalsMind/Anymal Mind/sprites/sWaterSplash/layers/fd58a23b-26cc-4db7-a24b-3eb2660af292
[21-01-2026 19:10:12] Checking b96cc312-baaa-4f7c-8dd2-079455632a25.png
[21-01-2026 19:10:12] Current parent directory: C:/Users/Utilizador/Documents/DDJ/DigitalGame/AnymalsMind/Anymal Mind/sprites/sWeightPlatform
[21-01-2026 19:10:12] Checking sWeightPlatform.yy
[21-01-2026 19:10:12] Parsing C:/Users/Utilizador/Documents/DDJ/DigitalGame/AnymalsMind/Anymal Mind/sprites/sWeightPlatform/sWeightPlatform.yy
[21-01-2026 19:10:12] Reading C:/Users/Utilizador/Documents/DDJ/DigitalGame/AnymalsMind/Anymal Mind/sprites/sWeightPlatform/sWeightPlatform.yy
[21-01-2026 19:10:12] Par: "folders/Sprites/Environment" at dir: "C:/Users/Utilizador/Documents/DDJ/DigitalGame/AnymalsMind/Anymal Mind/sprites/sWeightPlatform/sWeightPlatform.yy"
[21-01-2026 19:10:12] Found Sprite: sWeightPlatform
[21-01-2026 19:10:12] Checking layers
[21-01-2026 19:10:12] Directory: C:/Users/Utilizador/Documents/DDJ/DigitalGame/AnymalsMind/Anymal Mind/sprites/sWeightPlatform/layers
[21-01-2026 19:10:12] Checking 9d4e7d25-7c62-4f94-b282-2db6c63ce483.png
[21-01-2026 19:10:12] Current parent directory: C:/Users/Utilizador/Documents/DDJ/DigitalGame/AnymalsMind/Anymal Mind/sprites/sWeightPlatform/layers
[21-01-2026 19:10:12] Checking 9d4e7d25-7c62-4f94-b282-2db6c63ce483
[21-01-2026 19:10:12] Directory: C:/Users/Utilizador/Documents/DDJ/DigitalGame/AnymalsMind/Anymal Mind/sprites/sWeightPlatform/layers/9d4e7d25-7c62-4f94-b282-2db6c63ce483
[21-01-2026 19:10:12] Current parent directory: C:/Users/Utilizador/Documents/DDJ/DigitalGame/AnymalsMind/Anymal Mind/sprites/sWeightPlatform/layers/9d4e7d25-7c62-4f94-b282-2db6c63ce483
[21-01-2026 19:10:12] Checking 19ef61ee-9e21-4a53-ae5a-587cbb310a67.png
[21-01-2026 19:10:12] Current parent directory: C:/Users/Utilizador/Documents/DDJ/DigitalGame/AnymalsMind/Anymal Mind/tilesets
[21-01-2026 19:10:12] Current parent directory: C:/Users/Utilizador/Documents/DDJ/DigitalGame/AnymalsMind/Anymal Mind/timelines
[21-01-2026 19:10:12] Moving files to trash...
[21-01-2026 19:10:12] Files yeeted successfully!
[21-01-2026 19:10:12] Generating YYP...
[21-01-2026 19:10:12] Anymal Mind.yyp created successfully!
